Timestep,Road_number,Vehicle_density,Vehicles_Exiting
1,1,0.0,0
1,2,0.0,0
1,3,0.0,0
1,4,0.0,0
1,5,0.0,0
1,6,0.0,0
1,7,0.0,0
2,1,0.02,0
2,2,0.02,0
2,3,0.02,0
2,4,0.0,0
2,5,0.0,0
2,6,0.0,0
2,7,0.0,0
3,1,0.04,0
3,2,0.04,0
3,3,0.04,0
3,4,0.0,0
3,5,0.0,0
3,6,0.0,0
3,7,0.0,0
4,1,0.06,0
4,2,0.04,0
4,3,0.06,0
4,4,0.0,0
4,5,0.0,0
4,6,0.0,0
4,7,0.0,0
5,1,0.08,0
5,2,0.06,0
5,3,0.08,0
5,4,0.0,0
5,5,0.0,0
5,6,0.0,0
5,7,0.0,0
6,1,0.08,0
6,2,0.08,0
6,3,0.1,0
6,4,0.0,0
6,5,0.0,0
6,6,0.0,0
6,7,0.0,0
7,1,0.1,0
7,2,0.1,0
7,3,0.12,0
7,4,0.0,0
7,5,0.0,0
7,6,0.0,0
7,7,0.0,0
8,1,0.1,0
8,2,0.1,0
8,3,0.12,0
8,4,0.0,0
8,5,0.0,0
8,6,0.0,0
8,7,0.0,0
9,1,0.12,0
9,2,0.12,0
9,3,0.12,0
9,4,0.0,0
9,5,0.0,0
9,6,0.0,0
9,7,0.0,0
10,1,0.12,0
10,2,0.12,0
10,3,0.14,1
10,4,0.0,0
10,5,0.0,0
10,6,0.0,0
10,7,0.0,0
11,1,0.12,1
11,2,0.14,1
11,3,0.14,0
11,4,0.2,0
11,5,0.0,0
11,6,0.0,0
11,7,0.0,0
12,1,0.14,0
12,2,0.14,1
12,3,0.16,1
12,4,0.6,0
12,5,0.0,0
12,6,0.0,0
12,7,0.0,0
13,1,0.16,1
13,2,0.14,0
13,3,0.16,1
13,4,1.0,2
13,5,0.0,0
13,6,0.0,0
13,7,0.0,0
14,1,0.18,1
14,2,0.14,0
14,3,0.16,0
14,4,0.2,0
14,5,0.02,0
14,6,0.02,0
14,7,0.0,0
15,1,0.18,0
15,2,0.16,1
15,3,0.18,1
15,4,0.4,0
15,5,0.02,0
15,6,0.02,0
15,7,0.0,0
16,1,0.2,0
16,2,0.16,1
16,3,0.18,1
16,4,0.8,2
16,5,0.02,0
16,6,0.02,0
16,7,0.0,0
17,1,0.2,1
17,2,0.16,0
17,3,0.18,0
17,4,0.2,0
17,5,0.04,0
17,6,0.04,0
17,7,0.0,0
18,1,0.2,1
18,2,0.18,1
18,3,0.18,0
18,4,0.4,0
18,5,0.04,0
18,6,0.04,0
18,7,0.0,0
19,1,0.22,0
19,2,0.18,0
19,3,0.18,1
19,4,0.8,1
19,5,0.04,0
19,6,0.04,0
19,7,0.0,0
20,1,0.22,1
20,2,0.2,1
20,3,0.2,0
20,4,0.4,1
20,5,0.06,0
20,6,0.04,0
20,7,0.0,0
21,1,0.22,0
21,2,0.2,0
21,3,0.22,1
21,4,0.6,1
21,5,0.08,0
21,6,0.04,0
21,7,0.0,0
22,1,0.24,1
22,2,0.2,1
22,3,0.24,0
22,4,0.2,0
22,5,0.1,0
22,6,0.04,0
22,7,0.0,0
23,1,0.24,1
23,2,0.22,0
23,3,0.26,0
23,4,0.6,0
23,5,0.1,0
23,6,0.04,0
23,7,0.0,0
24,1,0.24,0
24,2,0.22,0
24,3,0.26,1
24,4,0.8,1
24,5,0.1,0
24,6,0.04,0
24,7,0.0,0
25,1,0.24,0
25,2,0.22,1
25,3,0.26,2
25,4,0.4,1
25,5,0.12,0
25,6,0.04,0
25,7,0.0,0
26,1,0.24,1
26,2,0.22,1
26,3,0.26,0
26,4,0.6,0
26,5,0.14,0
26,6,0.04,0
26,7,0.0,0
27,1,0.26,2
27,2,0.22,1
27,3,0.28,0
27,4,1.0,0
27,5,0.14,0
27,6,0.04,0
27,7,0.0,0
28,1,0.26,0
28,2,0.24,0
28,3,0.28,3
28,4,1.6,3
28,5,0.14,0
28,6,0.04,0
28,7,0.0,0
29,1,0.28,0
29,2,0.24,0
29,3,0.28,0
29,4,1.0,3
29,5,0.16,0
29,6,0.06,0
29,7,0.02,0
30,1,0.28,0
30,2,0.26,1
30,3,0.28,2
30,4,0.2,1
30,5,0.18,0
30,6,0.08,0
30,7,0.04,0
31,1,0.28,1
31,2,0.26,2
31,3,0.3,0
31,4,0.6,0
31,5,0.18,0
31,6,0.1,0
31,7,0.04,0
32,1,0.28,1
32,2,0.26,0
32,3,0.3,0
32,4,1.2,1
32,5,0.18,0
32,6,0.1,0
32,7,0.04,0
33,1,0.28,2
33,2,0.28,0
33,3,0.3,1
33,4,1.0,1
33,5,0.2,0
33,6,0.1,0
33,7,0.04,0
34,1,0.28,1
34,2,0.28,1
34,3,0.3,2
34,4,1.2,1
34,5,0.22,0
34,6,0.1,0
34,7,0.04,0
35,1,0.3,0
35,2,0.28,2
35,3,0.3,2
35,4,1.6,2
35,5,0.24,0
35,6,0.1,0
35,7,0.04,0
36,1,0.3,1
36,2,0.3,1
36,3,0.3,1
36,4,1.8,1
36,5,0.26,0
36,6,0.12,0
36,7,0.04,0
37,1,0.3,2
37,2,0.3,0
37,3,0.3,2
37,4,2.0,3
37,5,0.26,0
37,6,0.12,0
37,7,0.06,0
38,1,0.3,1
38,2,0.3,0
38,3,0.3,1
38,4,1.8,1
38,5,0.28,0
38,6,0.14,0
38,7,0.08,0
39,1,0.32,0
39,2,0.3,1
39,3,0.3,0
39,4,2.0,2
39,5,0.28,0
39,6,0.14,0
39,7,0.1,0
40,1,0.32,0
40,2,0.3,2
40,3,0.3,0
40,4,1.4,3
40,5,0.3,0
40,6,0.16,0
40,7,0.1,0
41,1,0.32,1
41,2,0.32,2
41,3,0.32,1
41,4,1.0,1
41,5,0.32,0
41,6,0.18,0
41,7,0.12,0
42,1,0.32,1
42,2,0.32,0
42,3,0.32,1
42,4,1.2,0
42,5,0.32,0
42,6,0.2,0
42,7,0.12,0
43,1,0.32,1
43,2,0.32,1
43,3,0.32,1
43,4,1.6,2
43,5,0.32,0
43,6,0.2,0
43,7,0.12,0
44,1,0.32,0
44,2,0.32,1
44,3,0.32,0
44,4,1.8,2
44,5,0.34,0
44,6,0.22,0
44,7,0.12,0
45,1,0.32,0
45,2,0.32,0
45,3,0.32,2
45,4,1.2,1
45,5,0.36,0
45,6,0.22,0
45,7,0.14,0
46,1,0.32,1
46,2,0.32,0
46,3,0.32,0
46,4,1.2,2
46,5,0.38,0
46,6,0.22,0
46,7,0.14,0
47,1,0.32,2
47,2,0.32,1
47,3,0.32,1
47,4,0.6,1
47,5,0.38,0
47,6,0.24,0
47,7,0.16,0
48,1,0.34,1
48,2,0.32,0
48,3,0.32,1
48,4,1.2,0
48,5,0.4,0
48,6,0.24,0
48,7,0.16,0
49,1,0.34,1
49,2,0.32,0
49,3,0.32,3
49,4,1.6,1
49,5,0.4,0
49,6,0.24,0
49,7,0.16,0
50,1,0.34,0
50,2,0.32,2
50,3,0.32,0
50,4,2.2,0
50,5,0.42,0
50,6,0.24,0
50,7,0.16,0
51,1,0.34,1
51,2,0.34,1
51,3,0.34,2
51,4,2.6,2
51,5,0.42,0
51,6,0.24,0
51,7,0.16,0
52,1,0.34,0
52,2,0.34,0
52,3,0.34,2
52,4,2.8,3
52,5,0.42,0
52,6,0.26,0
52,7,0.18,0
53,1,0.34,1
53,2,0.36,0
53,3,0.34,1
53,4,2.2,1
53,5,0.44,0
53,6,0.28,0
53,7,0.2,0
54,1,0.34,2
54,2,0.36,0
54,3,0.36,1
54,4,2.2,1
54,5,0.46,0
54,6,0.28,0
54,7,0.2,0
55,1,0.34,1
55,2,0.36,3
55,3,0.36,0
55,4,2.2,1
55,5,0.46,0
55,6,0.3,0
55,7,0.2,0
56,1,0.34,0
56,2,0.38,2
56,3,0.38,1
56,4,2.6,1
56,5,0.48,0
56,6,0.3,0
56,7,0.2,0
57,1,0.34,0
57,2,0.38,0
57,3,0.38,2
57,4,2.8,2
57,5,0.48,0
57,6,0.3,0
57,7,0.22,0
58,1,0.34,1
58,2,0.38,2
58,3,0.38,0
58,4,2.4,3
58,5,0.5,0
58,6,0.32,0
58,7,0.22,0
59,1,0.34,2
59,2,0.4,1
59,3,0.38,1
59,4,1.8,1
59,5,0.52,0
59,6,0.34,0
59,7,0.24,0
60,1,0.34,1
60,2,0.4,0
60,3,0.4,1
60,4,2.2,2
60,5,0.52,0
60,6,0.36,0
60,7,0.24,0
61,1,0.34,2
61,2,0.4,2
61,3,0.4,1
61,4,2.2,1
61,5,0.52,0
61,6,0.38,0
61,7,0.26,0
62,1,0.34,0
62,2,0.4,3
62,3,0.42,0
62,4,2.6,2
62,5,0.52,0
62,6,0.38,0
62,7,0.28,0
63,1,0.34,1
63,2,0.4,1
63,3,0.42,0
63,4,2.4,2
63,5,0.52,0
63,6,0.4,0
63,7,0.3,0
64,1,0.34,0
64,2,0.4,0
64,3,0.42,2
64,4,2.2,0
64,5,0.52,0
64,6,0.42,0
64,7,0.32,0
65,1,0.34,0
65,2,0.4,0
65,3,0.42,2
65,4,2.6,1
65,5,0.52,0
65,6,0.42,0
65,7,0.32,0
66,1,0.34,0
66,2,0.4,2
66,3,0.42,1
66,4,2.8,1
66,5,0.52,0
66,6,0.44,0
66,7,0.32,0
67,1,0.36,0
67,2,0.4,1
67,3,0.42,1
67,4,3.0,2
67,5,0.52,0
67,6,0.44,0
67,7,0.34,0
68,1,0.36,0
68,2,0.4,0
68,3,0.44,3
68,4,2.6,3
68,5,0.54,0
68,6,0.44,0
68,7,0.36,0
69,1,0.36,0
69,2,0.42,1
69,3,0.44,1
69,4,2.2,1
69,5,0.56,0
69,6,0.46,0
69,7,0.38,0
70,1,0.38,1
70,2,0.42,0
70,3,0.44,1
70,4,2.4,1
70,5,0.56,0
70,6,0.46,0
70,7,0.4,0
71,1,0.38,1
71,2,0.42,1
71,3,0.44,0
71,4,2.4,1
71,5,0.58,0
71,6,0.46,0
71,7,0.4,0
72,1,0.38,0
72,2,0.42,2
72,3,0.44,2
72,4,2.6,2
72,5,0.6,0
72,6,0.46,0
72,7,0.4,0
73,1,0.38,0
73,2,0.42,1
73,3,0.44,0
73,4,2.8,1
73,5,0.62,0
73,6,0.48,0
73,7,0.4,0
74,1,0.38,3
74,2,0.42,0
74,3,0.44,1
74,4,2.8,2
74,5,0.64,0
74,6,0.48,0
74,7,0.4,0
75,1,0.4,0
75,2,0.42,2
75,3,0.44,1
75,4,3.0,0
75,5,0.64,0
75,6,0.5,0
75,7,0.42,0
76,1,0.4,0
76,2,0.42,2
76,3,0.44,0
76,4,3.6,0
76,5,0.64,0
76,6,0.5,0
76,7,0.42,0
77,1,0.42,1
77,2,0.42,0
77,3,0.44,1
77,4,4.0,1
77,5,0.64,0
77,6,0.5,0
77,7,0.42,0
78,1,0.42,1
78,2,0.42,0
78,3,0.46,1
78,4,3.6,1
78,5,0.64,0
78,6,0.52,0
78,7,0.42,0
79,1,0.42,1
79,2,0.42,0
79,3,0.46,1
79,4,3.4,0
79,5,0.64,0
79,6,0.54,0
79,7,0.42,0
80,1,0.42,2
80,2,0.42,2
80,3,0.46,1
80,4,3.8,3
80,5,0.64,0
80,6,0.54,0
80,7,0.42,0
81,1,0.42,0
81,2,0.42,1
81,3,0.46,1
81,4,3.6,1
81,5,0.66,0
81,6,0.56,0
81,7,0.44,0
82,1,0.44,0
82,2,0.42,1
82,3,0.46,0
82,4,3.4,1
82,5,0.66,0
82,6,0.58,0
82,7,0.44,0
83,1,0.44,2
83,2,0.42,1
83,3,0.46,1
83,4,3.2,2
83,5,0.66,0
83,6,0.58,0
83,7,0.46,0
84,1,0.46,0
84,2,0.42,1
84,3,0.46,1
84,4,3.6,0
84,5,0.66,0
84,6,0.6,0
84,7,0.48,0
85,1,0.46,1
85,2,0.42,0
85,3,0.46,1
85,4,4.0,0
85,5,0.66,0
85,6,0.6,0
85,7,0.48,0
86,1,0.46,0
86,2,0.42,2
86,3,0.46,2
86,4,4.4,1
86,5,0.66,0
86,6,0.6,0
86,7,0.48,0
87,1,0.48,1
87,2,0.42,0
87,3,0.48,0
87,4,4.6,0
87,5,0.66,0
87,6,0.62,0
87,7,0.48,0
88,1,0.48,1
88,2,0.44,0
88,3,0.48,2
88,4,4.8,0
88,5,0.66,0
88,6,0.62,0
88,7,0.48,0
89,1,0.48,1
89,2,0.44,1
89,3,0.5,3
89,4,5.4,0
89,5,0.66,0
89,6,0.62,0
89,7,0.48,0
90,1,0.5,1
90,2,0.44,2
90,3,0.5,0
90,4,6.4,1
90,5,0.66,0
90,6,0.62,0
90,7,0.48,0
91,1,0.5,1
91,2,0.46,1
91,3,0.5,0
91,4,6.2,1
91,5,0.66,0
91,6,0.62,0
91,7,0.5,0
92,1,0.5,0
92,2,0.46,0
92,3,0.52,2
92,4,5.8,3
92,5,0.66,0
92,6,0.64,0
92,7,0.5,0
93,1,0.5,2
93,2,0.46,1
93,3,0.52,1
93,4,4.6,1
93,5,0.68,0
93,6,0.66,0
93,7,0.52,0
94,1,0.5,1
94,2,0.46,2
94,3,0.52,0
94,4,4.8,0
94,5,0.7,0
94,6,0.66,0
94,7,0.52,0
95,1,0.52,2
95,2,0.46,0
95,3,0.54,2
95,4,5.4,2
95,5,0.7,0
95,6,0.66,0
95,7,0.52,0
96,1,0.52,0
96,2,0.46,1
96,3,0.54,1
96,4,4.8,1
96,5,0.7,0
96,6,0.68,0
96,7,0.54,0
97,1,0.54,0
97,2,0.46,1
97,3,0.54,3
97,4,5.0,3
97,5,0.7,0
97,6,0.68,0
97,7,0.56,0
98,1,0.54,1
98,2,0.46,0
98,3,0.54,2
98,4,4.6,1
98,5,0.72,0
98,6,0.7,0
98,7,0.58,0
99,1,0.54,2
99,2,0.48,2
99,3,0.56,0
99,4,4.4,3
99,5,0.72,0
99,6,0.7,0
99,7,0.6,0
100,1,0.56,0
100,2,0.5,1
100,3,0.56,0
100,4,4.4,1
100,5,0.74,0
100,6,0.72,0
100,7,0.62,0
101,1,0.56,1
101,2,0.5,4
101,3,0.56,1
101,4,3.8,2
101,5,0.74,0
101,6,0.72,0
101,7,0.64,0
102,1,0.56,2
102,2,0.5,1
102,3,0.56,0
102,4,4.4,2
102,5,0.74,0
102,6,0.74,0
102,7,0.66,0
103,1,0.56,2
103,2,0.5,0
103,3,0.58,2
103,4,4.0,0
103,5,0.76,0
103,6,0.74,0
103,7,0.68,0
104,1,0.56,0
104,2,0.5,1
104,3,0.58,1
104,4,4.8,0
104,5,0.76,0
104,6,0.74,0
104,7,0.68,0
105,1,0.56,0
105,2,0.5,1
105,3,0.58,2
105,4,5.2,1
105,5,0.76,0
105,6,0.74,0
105,7,0.68,0
106,1,0.56,1
106,2,0.5,2
106,3,0.58,1
106,4,5.0,3
106,5,0.76,0
106,6,0.76,0
106,7,0.68,0
107,1,0.56,2
107,2,0.5,0
107,3,0.58,1
107,4,4.0,0
107,5,0.78,0
107,6,0.78,0
107,7,0.7,0
108,1,0.56,1
108,2,0.52,2
108,3,0.6,1
108,4,4.6,1
108,5,0.78,0
108,6,0.78,0
108,7,0.7,0
109,1,0.56,1
109,2,0.52,1
109,3,0.6,0
109,4,4.8,1
109,5,0.78,0
109,6,0.78,0
109,7,0.72,0
110,1,0.56,0
110,2,0.52,0
110,3,0.6,1
110,4,5.0,1
110,5,0.8,0
110,6,0.78,0
110,7,0.72,0
111,1,0.56,0
111,2,0.52,1
111,3,0.6,1
111,4,4.8,2
111,5,0.8,0
111,6,0.8,0
111,7,0.72,0
112,1,0.58,2
112,2,0.52,1
112,3,0.6,0
112,4,4.4,3
112,5,0.82,0
112,6,0.8,0
112,7,0.74,0
113,1,0.58,0
113,2,0.54,3
113,3,0.6,0
113,4,3.6,0
113,5,0.84,0
113,6,0.82,0
113,7,0.76,0
114,1,0.58,1
114,2,0.54,1
114,3,0.62,2
114,4,4.2,3
114,5,0.84,0
114,6,0.82,0
114,7,0.76,0
115,1,0.6,1
115,2,0.54,0
115,3,0.62,3
115,4,3.8,1
115,5,0.86,0
115,6,0.84,0
115,7,0.78,0
116,1,0.6,1
116,2,0.54,2
116,3,0.64,0
116,4,4.4,0
116,5,0.86,0
116,6,0.84,0
116,7,0.8,0
117,1,0.6,2
117,2,0.54,1
117,3,0.64,0
117,4,5.0,0
117,5,0.86,0
117,6,0.84,0
117,7,0.8,0
118,1,0.6,2
118,2,0.54,1
118,3,0.64,2
118,4,5.6,1
118,5,0.86,0
118,6,0.84,0
118,7,0.8,0
119,1,0.6,3
119,2,0.54,1
119,3,0.66,1
119,4,5.8,0
119,5,0.86,0
119,6,0.84,0
119,7,0.82,0
120,1,0.6,0
120,2,0.54,3
120,3,0.66,2
120,4,6.8,1
120,5,0.86,0
120,6,0.84,0
120,7,0.82,0
121,1,0.6,1
121,2,0.54,1
121,3,0.66,0
121,4,7.4,1
121,5,0.88,0
121,6,0.84,0
121,7,0.82,0
122,1,0.6,0
122,2,0.54,1
122,3,0.66,1
122,4,7.0,0
122,5,0.88,0
122,6,0.86,0
122,7,0.82,0
123,1,0.6,0
123,2,0.54,1
123,3,0.66,2
123,4,7.4,1
123,5,0.88,0
123,6,0.86,0
123,7,0.82,0
124,1,0.6,1
124,2,0.54,1
124,3,0.66,1
124,4,7.2,1
124,5,0.88,0
124,6,0.88,0
124,7,0.82,0
125,1,0.62,2
125,2,0.54,0
125,3,0.66,2
125,4,6.8,1
125,5,0.88,0
125,6,0.88,0
125,7,0.84,0
126,1,0.62,1
126,2,0.54,1
126,3,0.66,0
126,4,6.8,0
126,5,0.88,0
126,6,0.9,0
126,7,0.84,0
127,1,0.62,0
127,2,0.54,1
127,3,0.66,3
127,4,7.2,0
127,5,0.88,0
127,6,0.9,0
127,7,0.84,0
128,1,0.62,1
128,2,0.54,1
128,3,0.66,1
128,4,8.0,1
128,5,0.88,0
128,6,0.9,0
128,7,0.84,0
129,1,0.64,0
129,2,0.54,1
129,3,0.66,1
129,4,8.0,1
129,5,0.9,0
129,6,0.9,0
129,7,0.84,0
130,1,0.64,1
130,2,0.56,3
130,3,0.66,0
130,4,7.8,3
130,5,0.92,0
130,6,0.9,0
130,7,0.84,0
131,1,0.64,1
131,2,0.56,0
131,3,0.66,2
131,4,7.8,0
131,5,0.94,0
131,6,0.92,0
131,7,0.86,0
132,1,0.64,0
132,2,0.56,1
132,3,0.68,1
132,4,8.4,0
132,5,0.94,0
132,6,0.92,0
132,7,0.86,0
133,1,0.64,1
133,2,0.56,1
133,3,0.68,1
133,4,8.8,1
133,5,0.94,0
133,6,0.92,0
133,7,0.86,0
134,1,0.64,4
134,2,0.56,0
134,3,0.7,0
134,4,8.6,1
134,5,0.94,0
134,6,0.92,0
134,7,0.88,0
135,1,0.64,2
135,2,0.58,3
135,3,0.7,2
135,4,8.6,1
135,5,0.96,0
135,6,0.92,0
135,7,0.88,0
136,1,0.64,1
136,2,0.6,3
136,3,0.7,1
136,4,9.0,0
136,5,0.96,0
136,6,0.94,0
136,7,0.88,0
137,1,0.64,1
137,2,0.6,0
137,3,0.7,2
137,4,10.0,0
137,5,0.96,0
137,6,0.94,0
137,7,0.88,0
138,1,0.64,0
138,2,0.6,1
138,3,0.7,1
138,4,10.6,2
138,5,0.96,0
138,6,0.94,0
138,7,0.88,0
139,1,0.66,0
139,2,0.6,1
139,3,0.7,2
139,4,9.2,0
139,5,0.96,0
139,6,0.96,0
139,7,0.9,0
140,1,0.66,1
140,2,0.62,0
140,3,0.7,2
140,4,9.8,0
140,5,0.96,0
140,6,0.96,0
140,7,0.9,0
141,1,0.66,2
141,2,0.62,0
141,3,0.7,3
141,4,10.4,0
141,5,0.96,0
141,6,0.96,0
141,7,0.9,0
142,1,0.66,1
142,2,0.62,1
142,3,0.72,2
142,4,11.4,3
142,5,0.96,0
142,6,0.96,0
142,7,0.9,0
143,1,0.68,0
143,2,0.62,0
143,3,0.72,3
143,4,9.0,0
143,5,0.98,0
143,6,0.98,0
143,7,0.92,0
144,1,0.68,1
144,2,0.64,3
144,3,0.72,0
144,4,9.6,2
144,5,0.98,0
144,6,0.98,0
144,7,0.92,0
145,1,0.68,1
145,2,0.64,1
145,3,0.72,0
145,4,8.6,1
145,5,1.0,0
145,6,0.98,0
145,7,0.94,0
146,1,0.68,1
146,2,0.64,1
146,3,0.72,0
146,4,8.2,0
146,5,1.0,0
146,6,0.98,0
146,7,0.96,0
147,1,0.68,2
147,2,0.64,1
147,3,0.72,1
147,4,8.6,1
147,5,1.0,0
147,6,0.98,0
147,7,0.96,0
148,1,0.68,1
148,2,0.64,2
148,3,0.72,0
148,4,8.0,1
148,5,1.02,0
148,6,0.98,0
148,7,0.96,0
149,1,0.68,1
149,2,0.64,1
149,3,0.72,0
149,4,8.2,0
149,5,1.02,0
149,6,1.0,0
149,7,0.96,0
150,1,0.68,1
150,2,0.64,2
150,3,0.72,0
150,4,8.6,0
150,5,1.02,0
150,6,1.0,0
150,7,0.96,0
151,1,0.68,2
151,2,0.64,3
151,3,0.72,2
151,4,9.2,2
151,5,1.02,0
151,6,1.0,0
151,7,0.96,0
152,1,0.7,1
152,2,0.64,1
152,3,0.74,1
152,4,9.6,0
152,5,1.04,0
152,6,1.02,0
152,7,0.96,0
153,1,0.7,1
153,2,0.66,0
153,3,0.74,2
153,4,10.2,1
153,5,1.04,0
153,6,1.02,0
153,7,0.96,0
154,1,0.7,1
154,2,0.66,1
154,3,0.74,2
154,4,9.8,0
154,5,1.04,0
154,6,1.02,0
154,7,0.98,0
155,1,0.7,1
155,2,0.66,2
155,3,0.74,3
155,4,10.6,2
155,5,1.04,0
155,6,1.02,0
155,7,0.98,0
156,1,0.7,2
156,2,0.66,1
156,3,0.74,1
156,4,10.0,1
156,5,1.06,0
156,6,1.04,0
156,7,0.98,0
157,1,0.7,1
157,2,0.66,1
157,3,0.76,0
157,4,9.4,0
157,5,1.08,0
157,6,1.04,0
157,7,0.98,0
158,1,0.72,0
158,2,0.66,0
158,3,0.76,3
158,4,9.8,2
158,5,1.08,0
158,6,1.04,0
158,7,0.98,0
159,1,0.72,0
159,2,0.68,2
159,3,0.76,2
159,4,8.6,0
159,5,1.1,0
159,6,1.04,0
159,7,1.0,0
160,1,0.72,1
160,2,0.68,1
160,3,0.76,2
160,4,9.4,2
160,5,1.1,0
160,6,1.04,0
160,7,1.0,0
161,1,0.72,1
161,2,0.68,4
161,3,0.78,0
161,4,8.4,0
161,5,1.12,0
161,6,1.04,0
161,7,1.02,0
162,1,0.72,1
162,2,0.68,1
162,3,0.78,1
162,4,9.4,0
162,5,1.12,0
162,6,1.04,0
162,7,1.02,0
163,1,0.72,0
163,2,0.7,0
163,3,0.78,4
163,4,10.0,1
163,5,1.12,0
163,6,1.04,0
163,7,1.02,0
164,1,0.74,2
164,2,0.7,1
164,3,0.78,1
164,4,10.4,1
164,5,1.14,0
164,6,1.04,0
164,7,1.02,0
165,1,0.74,0
165,2,0.7,1
165,3,0.78,0
165,4,10.0,0
165,5,1.14,0
165,6,1.06,0
165,7,1.02,0
166,1,0.74,2
166,2,0.7,1
166,3,0.78,0
166,4,10.2,1
166,5,1.14,0
166,6,1.06,0
166,7,1.02,0
167,1,0.74,1
167,2,0.7,4
167,3,0.78,3
167,4,10.2,1
167,5,1.14,0
167,6,1.08,0
167,7,1.02,0
168,1,0.76,2
168,2,0.72,2
168,3,0.78,0
168,4,11.2,3
168,5,1.14,0
168,6,1.1,0
168,7,1.02,0
169,1,0.76,2
169,2,0.72,1
169,3,0.78,1
169,4,9.4,1
169,5,1.16,0
169,6,1.12,0
169,7,1.04,0
170,1,0.78,1
170,2,0.74,2
170,3,0.8,2
170,4,9.6,0
170,5,1.16,0
170,6,1.12,0
170,7,1.06,0
171,1,0.78,1
171,2,0.74,1
171,3,0.8,2
171,4,10.6,2
171,5,1.16,0
171,6,1.12,0
171,7,1.06,0
172,1,0.78,1
172,2,0.74,0
172,3,0.8,0
172,4,10.0,1
172,5,1.18,0
172,6,1.12,0
172,7,1.08,0
173,1,0.78,3
173,2,0.74,0
173,3,0.8,0
173,4,9.8,2
173,5,1.18,0
173,6,1.14,0
173,7,1.08,0
174,1,0.78,0
174,2,0.74,3
174,3,0.8,1
174,4,8.6,0
174,5,1.2,0
174,6,1.16,0
174,7,1.08,0
175,1,0.78,0
175,2,0.74,1
175,3,0.8,1
175,4,9.4,1
175,5,1.2,0
175,6,1.16,0
175,7,1.08,0
176,1,0.78,0
176,2,0.74,1
176,3,0.8,4
176,4,9.0,0
176,5,1.2,0
176,6,1.18,0
176,7,1.08,0
177,1,0.78,2
177,2,0.74,1
177,3,0.8,2
177,4,10.0,0
177,5,1.2,0
177,6,1.18,0
177,7,1.08,0
178,1,0.78,1
178,2,0.74,1
178,3,0.8,1
178,4,11.0,1
178,5,1.2,0
178,6,1.18,0
178,7,1.08,0
179,1,0.8,1
179,2,0.74,1
179,3,0.82,0
179,4,11.0,1
179,5,1.2,0
179,6,1.18,0
179,7,1.1,0
180,1,0.8,1
180,2,0.76,3
180,3,0.82,0
180,4,10.6,1
180,5,1.22,0
180,6,1.18,0
180,7,1.1,0
181,1,0.8,1
181,2,0.76,1
181,3,0.82,2
181,4,11.0,1
181,5,1.22,0
181,6,1.2,0
181,7,1.1,0
182,1,0.82,0
182,2,0.76,2
182,3,0.82,0
182,4,10.6,1
182,5,1.22,0
182,6,1.22,0
182,7,1.1,0
183,1,0.82,2
183,2,0.76,0
183,3,0.82,3
183,4,10.0,1
183,5,1.24,0
183,6,1.22,0
183,7,1.1,0
184,1,0.82,3
184,2,0.76,0
184,3,0.82,2
184,4,10.0,1
184,5,1.24,0
184,6,1.22,0
184,7,1.12,0
185,1,0.82,1
185,2,0.76,0
185,3,0.82,2
185,4,10.8,1
185,5,1.24,0
185,6,1.24,0
185,7,1.12,0
186,1,0.82,2
186,2,0.76,2
186,3,0.82,0
186,4,10.8,0
186,5,1.24,0
186,6,1.24,0
186,7,1.14,0
187,1,0.82,0
187,2,0.78,2
187,3,0.82,3
187,4,11.6,1
187,5,1.24,0
187,6,1.24,0
187,7,1.14,0
188,1,0.82,2
188,2,0.78,1
188,3,0.82,1
188,4,11.2,1
188,5,1.24,0
188,6,1.26,0
188,7,1.14,0
189,1,0.82,0
189,2,0.8,1
189,3,0.82,1
189,4,11.2,0
189,5,1.24,0
189,6,1.26,0
189,7,1.16,0
190,1,0.82,1
190,2,0.8,1
190,3,0.82,0
190,4,11.6,2
190,5,1.24,0
190,6,1.26,0
190,7,1.16,0
191,1,0.82,1
191,2,0.8,1
191,3,0.82,2
191,4,10.6,0
191,5,1.26,0
191,6,1.26,0
191,7,1.18,0
192,1,0.82,1
192,2,0.8,2
192,3,0.82,1
192,4,11.4,2
192,5,1.26,0
192,6,1.26,0
192,7,1.18,0
193,1,0.82,2
193,2,0.8,1
193,3,0.82,1
193,4,10.8,0
193,5,1.26,0
193,6,1.28,0
193,7,1.2,0
194,1,0.84,2
194,2,0.8,1
194,3,0.82,0
194,4,11.6,1
194,5,1.26,0
194,6,1.28,0
194,7,1.2,0
195,1,0.84,1
195,2,0.8,0
195,3,0.82,2
195,4,12.0,2
195,5,1.26,0
195,6,1.28,0
195,7,1.22,0
196,1,0.84,1
196,2,0.8,2
196,3,0.84,0
196,4,12.0,1
196,5,1.26,0
196,6,1.3,0
196,7,1.24,0
197,1,0.84,0
197,2,0.8,1
197,3,0.84,4
197,4,11.4,1
197,5,1.28,0
197,6,1.3,0
197,7,1.24,0
198,1,0.84,0
198,2,0.8,1
198,3,0.84,0
198,4,11.0,0
198,5,1.3,0
198,6,1.3,0
198,7,1.24,0
199,1,0.84,2
199,2,0.82,3
199,3,0.86,1
199,4,11.2,2
199,5,1.3,0
199,6,1.3,0
199,7,1.24,0
200,1,0.86,1
200,2,0.82,0
200,3,0.86,3
200,4,11.6,0
200,5,1.32,0
200,6,1.32,0
200,7,1.24,0
201,1,0.86,2
201,2,0.82,3
201,3,0.86,1
201,4,12.4,1
201,5,1.32,0
201,6,1.32,0
201,7,1.24,0
202,1,0.86,1
202,2,0.84,1
202,3,0.86,0
202,4,12.4,0
202,5,1.32,0
202,6,1.34,0
202,7,1.24,0
203,1,0.86,3
203,2,0.84,1
203,3,0.86,2
203,4,12.8,0
203,5,1.32,0
203,6,1.34,0
203,7,1.24,0
204,1,0.86,0
204,2,0.84,1
204,3,0.86,2
204,4,14.0,1
204,5,1.32,0
204,6,1.34,0
204,7,1.24,0
205,1,0.86,1
205,2,0.84,1
205,3,0.86,3
205,4,13.4,1
205,5,1.34,0
205,6,1.34,0
205,7,1.24,0
206,1,0.86,1
206,2,0.84,1
206,3,0.86,1
206,4,12.6,1
206,5,1.34,0
206,6,1.36,0
206,7,1.24,0
207,1,0.86,1
207,2,0.84,2
207,3,0.86,1
207,4,12.6,1
207,5,1.34,0
207,6,1.36,0
207,7,1.26,0
208,1,0.86,1
208,2,0.84,1
208,3,0.86,2
208,4,12.2,0
208,5,1.36,0
208,6,1.36,0
208,7,1.26,0
209,1,0.86,3
209,2,0.84,2
209,3,0.86,0
209,4,13.0,1
209,5,1.36,0
209,6,1.36,0
209,7,1.26,0
210,1,0.86,0
210,2,0.84,1
210,3,0.86,2
210,4,13.0,1
210,5,1.36,0
210,6,1.36,0
210,7,1.28,0
211,1,0.86,1
211,2,0.84,2
211,3,0.86,1
211,4,13.0,0
211,5,1.36,0
211,6,1.38,0
211,7,1.28,0
212,1,0.86,2
212,2,0.84,0
212,3,0.86,2
212,4,13.8,0
212,5,1.36,0
212,6,1.38,0
212,7,1.28,0
213,1,0.86,1
213,2,0.84,2
213,3,0.86,0
213,4,14.6,0
213,5,1.36,0
213,6,1.38,0
213,7,1.28,0
214,1,0.86,2
214,2,0.86,1
214,3,0.88,4
214,4,15.2,1
214,5,1.36,0
214,6,1.38,0
214,7,1.28,0
215,1,0.86,0
215,2,0.86,0
215,3,0.88,1
215,4,15.2,2
215,5,1.36,0
215,6,1.4,0
215,7,1.28,0
216,1,0.86,3
216,2,0.86,2
216,3,0.88,0
216,4,13.4,1
216,5,1.36,0
216,6,1.42,0
216,7,1.3,0
217,1,0.88,2
217,2,0.86,2
217,3,0.88,2
217,4,13.4,1
217,5,1.36,0
217,6,1.44,0
217,7,1.3,0
218,1,0.88,0
218,2,0.86,3
218,3,0.88,1
218,4,13.2,0
218,5,1.36,0
218,6,1.44,0
218,7,1.32,0
219,1,0.88,4
219,2,0.86,0
219,3,0.9,3
219,4,14.0,2
219,5,1.36,0
219,6,1.44,0
219,7,1.32,0
220,1,0.88,1
220,2,0.86,3
220,3,0.9,1
220,4,13.8,0
220,5,1.36,0
220,6,1.46,0
220,7,1.34,0
221,1,0.88,0
221,2,0.88,1
221,3,0.9,2
221,4,14.8,0
221,5,1.36,0
221,6,1.46,0
221,7,1.34,0
222,1,0.88,1
222,2,0.88,2
222,3,0.9,1
222,4,15.4,0
222,5,1.36,0
222,6,1.46,0
222,7,1.34,0
223,1,0.88,1
223,2,0.88,3
223,3,0.9,2
223,4,16.2,0
223,5,1.36,0
223,6,1.46,0
223,7,1.34,0
224,1,0.9,1
224,2,0.9,0
224,3,0.9,3
224,4,17.4,0
224,5,1.36,0
224,6,1.46,0
224,7,1.34,0
225,1,0.9,2
225,2,0.9,2
225,3,0.9,1
225,4,18.2,1
225,5,1.36,0
225,6,1.46,0
225,7,1.34,0
226,1,0.9,2
226,2,0.9,0
226,3,0.9,2
226,4,18.6,2
226,5,1.36,0
226,6,1.46,0
226,7,1.36,0
227,1,0.92,1
227,2,0.92,0
227,3,0.9,2
227,4,18.0,0
227,5,1.38,0
227,6,1.46,0
227,7,1.38,0
228,1,0.92,2
228,2,0.92,1
228,3,0.9,2
228,4,18.6,0
228,5,1.38,0
228,6,1.46,0
228,7,1.38,0
229,1,0.92,2
229,2,0.92,1
229,3,0.9,3
229,4,19.6,1
229,5,1.38,0
229,6,1.46,0
229,7,1.38,0
230,1,0.92,2
230,2,0.92,1
230,3,0.9,3
230,4,20.0,1
230,5,1.4,0
230,6,1.46,0
230,7,1.38,0
231,1,0.92,2
231,2,0.92,2
231,3,0.9,1
231,4,20.6,0
231,5,1.4,0
231,6,1.48,0
231,7,1.38,0
232,1,0.92,2
232,2,0.92,1
232,3,0.9,0
232,4,21.6,0
232,5,1.4,0
232,6,1.48,0
232,7,1.38,0
233,1,0.92,2
233,2,0.94,1
233,3,0.9,2
233,4,22.2,3
233,5,1.4,0
233,6,1.48,0
233,7,1.38,0
234,1,0.94,3
234,2,0.94,0
234,3,0.92,3
234,4,18.4,0
234,5,1.42,0
234,6,1.5,0
234,7,1.4,0
235,1,0.94,3
235,2,0.94,3
235,3,0.92,3
235,4,19.6,0
235,5,1.42,0
235,6,1.5,0
235,7,1.4,0
236,1,0.94,1
236,2,0.94,1
236,3,0.92,2
236,4,21.4,0
236,5,1.42,0
236,6,1.5,0
236,7,1.4,0
237,1,0.96,2
237,2,0.94,2
237,3,0.92,3
237,4,22.2,1
237,5,1.42,0
237,6,1.5,0
237,7,1.4,0
238,1,0.96,1
238,2,0.94,3
238,3,0.94,0
238,4,22.8,0
238,5,1.42,0
238,6,1.52,0
238,7,1.4,0
239,1,0.96,1
239,2,0.96,4
239,3,0.94,1
239,4,23.6,0
239,5,1.42,0
239,6,1.52,0
239,7,1.4,0
240,1,0.96,0
240,2,0.96,2
240,3,0.94,3
240,4,24.8,1
240,5,1.42,0
240,6,1.52,0
240,7,1.4,0
241,1,0.96,1
241,2,0.96,0
241,3,0.94,3
241,4,24.4,1
241,5,1.44,0
241,6,1.52,0
241,7,1.4,0
242,1,0.96,1
242,2,0.96,1
242,3,0.94,4
242,4,23.8,0
242,5,1.44,0
242,6,1.52,0
242,7,1.42,0
243,1,0.96,3
243,2,0.96,1
243,3,0.94,1
243,4,25.0,0
243,5,1.44,0
243,6,1.52,0
243,7,1.42,0
244,1,0.96,0
244,2,0.96,3
244,3,0.94,6
244,4,26.0,1
244,5,1.44,0
244,6,1.52,0
244,7,1.42,0
245,1,0.98,3
245,2,0.98,2
245,3,0.94,0
245,4,26.8,0
245,5,1.44,0
245,6,1.52,0
245,7,1.44,0
246,1,0.98,1
246,2,0.98,3
246,3,0.96,2
246,4,27.8,2
246,5,1.44,0
246,6,1.52,0
246,7,1.44,0
247,1,0.98,1
247,2,0.98,2
247,3,0.96,0
247,4,24.4,1
247,5,1.46,0
247,6,1.54,0
247,7,1.44,0
248,1,0.98,4
248,2,0.98,3
248,3,0.96,4
248,4,24.2,1
248,5,1.48,0
248,6,1.54,0
248,7,1.44,0
249,1,0.98,3
249,2,0.98,4
249,3,0.96,1
249,4,25.2,0
249,5,1.48,0
249,6,1.54,0
249,7,1.46,0
250,1,0.98,1
250,2,0.98,2
250,3,0.96,5
250,4,26.8,0
250,5,1.48,0
250,6,1.54,0
250,7,1.46,0
251,1,0.98,3
251,2,0.98,2
251,3,0.96,2
251,4,28.4,1
251,5,1.48,0
251,6,1.54,0
251,7,1.46,0
252,1,0.98,0
252,2,1.0,1
252,3,0.96,0
252,4,26.6,1
252,5,1.5,0
252,6,1.54,0
252,7,1.46,0
253,1,0.98,3
253,2,1.0,1
253,3,0.96,2
253,4,24.2,1
253,5,1.5,0
253,6,1.56,0
253,7,1.46,0
254,1,0.98,1
254,2,1.0,2
254,3,0.96,2
254,4,24.2,1
254,5,1.5,0
254,6,1.56,0
254,7,1.48,0
255,1,0.98,1
255,2,1.0,1
255,3,0.96,1
255,4,24.6,2
255,5,1.5,0
255,6,1.58,0
255,7,1.48,0
256,1,0.98,1
256,2,1.0,5
256,3,0.96,3
256,4,21.6,0
256,5,1.52,0
256,6,1.58,0
256,7,1.5,0
257,1,1.0,1
257,2,1.0,3
257,3,0.96,2
257,4,23.4,1
257,5,1.52,0
257,6,1.58,0
257,7,1.5,0
258,1,1.0,0
258,2,1.0,1
258,3,0.96,2
258,4,22.8,0
258,5,1.52,0
258,6,1.58,0
258,7,1.52,0
259,1,1.0,2
259,2,1.0,0
259,3,0.96,1
259,4,23.4,2
259,5,1.52,0
259,6,1.58,0
259,7,1.52,0
260,1,1.0,3
260,2,1.0,1
260,3,0.96,3
260,4,20.4,0
260,5,1.54,0
260,6,1.58,0
260,7,1.54,0
261,1,1.0,1
261,2,1.0,3
261,3,0.96,1
261,4,21.8,1
261,5,1.54,0
261,6,1.58,0
261,7,1.54,0
262,1,1.0,2
262,2,1.0,2
262,3,0.96,3
262,4,20.6,1
262,5,1.54,0
262,6,1.58,0
262,7,1.56,0
263,1,1.02,1
263,2,1.02,1
263,3,0.96,3
263,4,19.0,0
263,5,1.54,0
263,6,1.6,0
263,7,1.56,0
264,1,1.02,3
264,2,1.02,3
264,3,0.96,2
264,4,20.0,0
264,5,1.54,0
264,6,1.6,0
264,7,1.56,0
265,1,1.02,2
265,2,1.02,1
265,3,0.96,2
265,4,21.6,0
265,5,1.54,0
265,6,1.6,0
265,7,1.56,0
266,1,1.04,1
266,2,1.02,3
266,3,0.98,4
266,4,22.6,0
266,5,1.54,0
266,6,1.6,0
266,7,1.56,0
267,1,1.04,3
267,2,1.04,1
267,3,0.98,5
267,4,24.2,1
267,5,1.54,0
267,6,1.6,0
267,7,1.56,0
268,1,1.06,2
268,2,1.04,0
268,3,0.98,2
268,4,24.8,0
268,5,1.56,0
268,6,1.6,0
268,7,1.56,0
269,1,1.06,2
269,2,1.04,5
269,3,0.98,2
269,4,25.6,2
269,5,1.56,0
269,6,1.6,0
269,7,1.56,0
270,1,1.06,2
270,2,1.04,2
270,3,1.0,1
270,4,23.8,0
270,5,1.56,0
270,6,1.62,0
270,7,1.58,0
271,1,1.06,0
271,2,1.04,1
271,3,1.0,3
271,4,24.8,0
271,5,1.56,0
271,6,1.62,0
271,7,1.58,0
272,1,1.06,1
272,2,1.04,2
272,3,1.0,2
272,4,25.6,0
272,5,1.56,0
272,6,1.62,0
272,7,1.58,0
273,1,1.06,0
273,2,1.06,1
273,3,1.0,4
273,4,26.6,0
273,5,1.56,0
273,6,1.62,0
273,7,1.58,0
274,1,1.08,1
274,2,1.06,3
274,3,1.0,2
274,4,27.6,0
274,5,1.56,0
274,6,1.62,0
274,7,1.58,0
275,1,1.08,3
275,2,1.06,3
275,3,1.02,4
275,4,28.8,0
275,5,1.56,0
275,6,1.62,0
275,7,1.58,0
276,1,1.08,2
276,2,1.06,1
276,3,1.02,1
276,4,30.8,1
276,5,1.56,0
276,6,1.62,0
276,7,1.58,0
277,1,1.08,2
277,2,1.08,2
277,3,1.02,1
277,4,27.6,1
277,5,1.58,0
277,6,1.62,0
277,7,1.58,0
278,1,1.08,2
278,2,1.08,1
278,3,1.02,0
278,4,26.8,0
278,5,1.58,0
278,6,1.62,0
278,7,1.6,0
279,1,1.08,1
279,2,1.08,1
279,3,1.02,2
279,4,27.4,1
279,5,1.58,0
279,6,1.62,0
279,7,1.6,0
280,1,1.08,1
280,2,1.08,3
280,3,1.02,1
280,4,25.4,1
280,5,1.58,0
280,6,1.62,0
280,7,1.62,0
281,1,1.08,0
281,2,1.08,3
281,3,1.02,2
281,4,24.0,1
281,5,1.6,0
281,6,1.62,0
281,7,1.62,0
282,1,1.08,2
282,2,1.08,2
282,3,1.02,3
282,4,23.6,0
282,5,1.6,0
282,6,1.62,0
282,7,1.64,0
283,1,1.08,2
283,2,1.08,2
283,3,1.02,0
283,4,25.0,0
283,5,1.6,0
283,6,1.62,0
283,7,1.64,0
284,1,1.08,2
284,2,1.08,2
284,3,1.02,1
284,4,25.8,0
284,5,1.6,0
284,6,1.62,0
284,7,1.64,0
285,1,1.1,0
285,2,1.08,3
285,3,1.04,4
285,4,26.8,0
285,5,1.6,0
285,6,1.62,0
285,7,1.64,0
286,1,1.1,2
286,2,1.08,1
286,3,1.04,4
286,4,28.2,3
286,5,1.6,0
286,6,1.62,0
286,7,1.64,0
287,1,1.12,2
287,2,1.08,0
287,3,1.04,1
287,4,23.4,2
287,5,1.62,0
287,6,1.64,0
287,7,1.66,0
288,1,1.12,2
288,2,1.1,0
288,3,1.06,4
288,4,21.6,1
288,5,1.64,0
288,6,1.66,0
288,7,1.66,0
289,1,1.12,2
289,2,1.1,1
289,3,1.06,2
289,4,21.2,0
289,5,1.64,0
289,6,1.66,0
289,7,1.68,0
290,1,1.12,1
290,2,1.1,0
290,3,1.06,1
290,4,22.2,0
290,5,1.64,0
290,6,1.66,0
290,7,1.68,0
291,1,1.12,0
291,2,1.1,3
291,3,1.06,5
291,4,22.6,0
291,5,1.64,0
291,6,1.66,0
291,7,1.68,0
292,1,1.12,1
292,2,1.12,3
292,3,1.06,3
292,4,24.2,1
292,5,1.64,0
292,6,1.66,0
292,7,1.68,0
293,1,1.12,3
293,2,1.12,0
293,3,1.08,3
293,4,23.4,0
293,5,1.64,0
293,6,1.66,0
293,7,1.7,0
294,1,1.12,1
294,2,1.12,3
294,3,1.08,1
294,4,24.6,0
294,5,1.64,0
294,6,1.66,0
294,7,1.7,0
295,1,1.12,2
295,2,1.12,2
295,3,1.08,2
295,4,25.6,0
295,5,1.64,0
295,6,1.66,0
295,7,1.7,0
296,1,1.14,1
296,2,1.12,0
296,3,1.08,0
296,4,26.8,0
296,5,1.64,0
296,6,1.66,0
296,7,1.7,0
297,1,1.14,1
297,2,1.12,1
297,3,1.1,2
297,4,27.0,2
297,5,1.64,0
297,6,1.66,0
297,7,1.7,0
298,1,1.16,2
298,2,1.12,2
298,3,1.1,1
298,4,25.8,2
298,5,1.66,0
298,6,1.66,0
298,7,1.72,0
299,1,1.16,5
299,2,1.12,2
299,3,1.1,1
299,4,23.6,0
299,5,1.66,0
299,6,1.68,0
299,7,1.74,0
300,1,1.16,1
300,2,1.12,0
300,3,1.1,3
300,4,25.2,0
300,5,1.66,0
300,6,1.68,0
300,7,1.74,0
301,1,1.16,2
301,2,1.12,2
301,3,1.1,1
301,4,26.0,0
301,5,1.66,0
301,6,1.68,0
301,7,1.74,0
302,1,1.18,2
302,2,1.12,3
302,3,1.1,3
302,4,27.0,0
302,5,1.66,0
302,6,1.68,0
302,7,1.74,0
303,1,1.18,1
303,2,1.14,1
303,3,1.1,6
303,4,28.6,0
303,5,1.66,0
303,6,1.68,0
303,7,1.74,0
304,1,1.18,2
304,2,1.14,2
304,3,1.1,2
304,4,30.2,0
304,5,1.66,0
304,6,1.68,0
304,7,1.74,0
305,1,1.18,3
305,2,1.16,0
305,3,1.1,1
305,4,31.4,1
305,5,1.66,0
305,6,1.68,0
305,7,1.74,0
306,1,1.18,2
306,2,1.16,4
306,3,1.12,0
306,4,30.0,0
306,5,1.66,0
306,6,1.68,0
306,7,1.76,0
307,1,1.18,2
307,2,1.16,1
307,3,1.12,3
307,4,31.2,1
307,5,1.66,0
307,6,1.68,0
307,7,1.76,0
308,1,1.18,3
308,2,1.16,0
308,3,1.12,3
308,4,31.2,0
308,5,1.68,0
308,6,1.68,0
308,7,1.76,0
309,1,1.18,1
309,2,1.16,2
309,3,1.12,1
309,4,32.4,0
309,5,1.68,0
309,6,1.68,0
309,7,1.76,0
310,1,1.18,2
310,2,1.16,2
310,3,1.12,4
310,4,33.2,0
310,5,1.68,0
310,6,1.68,0
310,7,1.76,0
311,1,1.18,2
311,2,1.18,2
311,3,1.14,4
311,4,34.8,2
311,5,1.68,0
311,6,1.68,0
311,7,1.76,0
312,1,1.18,1
312,2,1.18,2
312,3,1.14,7
312,4,34.2,0
312,5,1.7,0
312,6,1.7,0
312,7,1.76,0
313,1,1.18,0
313,2,1.18,1
313,3,1.14,3
313,4,36.2,0
313,5,1.7,0
313,6,1.7,0
313,7,1.76,0
314,1,1.18,3
314,2,1.18,2
314,3,1.14,1
314,4,37.0,0
314,5,1.7,0
314,6,1.7,0
314,7,1.76,0
315,1,1.2,1
315,2,1.18,2
315,3,1.14,0
315,4,38.2,1
315,5,1.7,0
315,6,1.7,0
315,7,1.76,0
316,1,1.2,1
316,2,1.2,1
316,3,1.14,3
316,4,37.0,0
316,5,1.7,0
316,6,1.7,0
316,7,1.78,0
317,1,1.2,3
317,2,1.2,6
317,3,1.16,2
317,4,38.0,2
317,5,1.7,0
317,6,1.7,0
317,7,1.78,0
318,1,1.2,3
318,2,1.2,1
318,3,1.16,4
318,4,37.2,1
318,5,1.72,0
318,6,1.72,0
318,7,1.78,0
319,1,1.2,3
319,2,1.2,3
319,3,1.16,2
319,4,37.0,1
319,5,1.72,0
319,6,1.74,0
319,7,1.78,0
320,1,1.2,2
320,2,1.2,2
320,3,1.16,2
320,4,35.8,0
320,5,1.72,0
320,6,1.74,0
320,7,1.8,0
321,1,1.2,4
321,2,1.2,1
321,3,1.16,2
321,4,37.0,0
321,5,1.72,0
321,6,1.74,0
321,7,1.8,0
322,1,1.2,2
322,2,1.2,2
322,3,1.16,3
322,4,38.4,0
322,5,1.72,0
322,6,1.74,0
322,7,1.8,0
323,1,1.22,3
323,2,1.2,2
323,3,1.18,4
323,4,39.8,1
323,5,1.72,0
323,6,1.74,0
323,7,1.8,0
324,1,1.22,1
324,2,1.22,1
324,3,1.18,2
324,4,39.6,1
324,5,1.74,0
324,6,1.74,0
324,7,1.8,0
325,1,1.22,2
325,2,1.22,3
325,3,1.18,2
325,4,37.2,0
325,5,1.74,0
325,6,1.74,0
325,7,1.82,0
326,1,1.22,1
326,2,1.22,3
326,3,1.18,2
326,4,38.6,0
326,5,1.74,0
326,6,1.74,0
326,7,1.82,0
327,1,1.22,1
327,2,1.22,1
327,3,1.18,3
327,4,39.8,0
327,5,1.74,0
327,6,1.74,0
327,7,1.82,0
328,1,1.24,4
328,2,1.22,3
328,3,1.18,2
328,4,40.8,0
328,5,1.74,0
328,6,1.74,0
328,7,1.82,0
329,1,1.24,3
329,2,1.22,4
329,3,1.18,2
329,4,42.6,0
329,5,1.74,0
329,6,1.74,0
329,7,1.82,0
330,1,1.24,4
330,2,1.22,3
330,3,1.2,2
330,4,44.4,1
330,5,1.74,0
330,6,1.74,0
330,7,1.82,0
331,1,1.24,1
331,2,1.22,0
331,3,1.2,2
331,4,44.0,0
331,5,1.76,0
331,6,1.74,0
331,7,1.82,0
332,1,1.24,3
332,2,1.22,4
332,3,1.2,3
332,4,44.6,0
332,5,1.76,0
332,6,1.74,0
332,7,1.82,0
333,1,1.24,1
333,2,1.22,4
333,3,1.2,2
333,4,46.6,1
333,5,1.76,0
333,6,1.74,0
333,7,1.82,0
334,1,1.24,4
334,2,1.22,2
334,3,1.2,6
334,4,46.4,0
334,5,1.76,0
334,6,1.76,0
334,7,1.82,0
335,1,1.24,3
335,2,1.22,0
335,3,1.2,9
335,4,48.8,0
335,5,1.76,0
335,6,1.76,0
335,7,1.82,0
336,1,1.24,2
336,2,1.22,3
336,3,1.2,2
336,4,51.2,0
336,5,1.76,0
336,6,1.76,0
336,7,1.82,0
337,1,1.26,2
337,2,1.22,3
337,3,1.2,1
337,4,52.6,1
337,5,1.76,0
337,6,1.76,0
337,7,1.82,0
338,1,1.26,2
338,2,1.24,1
338,3,1.2,1
338,4,50.4,0
338,5,1.76,0
338,6,1.78,0
338,7,1.82,0
339,1,1.26,2
339,2,1.24,5
339,3,1.2,1
339,4,51.2,1
339,5,1.76,0
339,6,1.78,0
339,7,1.82,0
340,1,1.26,4
340,2,1.24,3
340,3,1.2,4
340,4,51.6,0
340,5,1.76,0
340,6,1.78,0
340,7,1.84,0
341,1,1.26,1
341,2,1.24,2
341,3,1.2,3
341,4,53.8,0
341,5,1.76,0
341,6,1.78,0
341,7,1.84,0
342,1,1.26,6
342,2,1.24,1
342,3,1.2,5
342,4,55.0,0
342,5,1.76,0
342,6,1.78,0
342,7,1.84,0
343,1,1.26,2
343,2,1.24,3
343,3,1.22,2
343,4,57.4,1
343,5,1.76,0
343,6,1.78,0
343,7,1.84,0
344,1,1.26,2
344,2,1.24,8
344,3,1.22,2
344,4,56.2,0
344,5,1.78,0
344,6,1.78,0
344,7,1.84,0
345,1,1.26,2
345,2,1.26,4
345,3,1.22,2
345,4,58.6,0
345,5,1.78,0
345,6,1.78,0
345,7,1.84,0
346,1,1.26,4
346,2,1.26,3
346,3,1.22,3
346,4,60.2,0
346,5,1.78,0
346,6,1.78,0
346,7,1.84,0
347,1,1.28,1
347,2,1.26,2
347,3,1.22,3
347,4,62.2,0
347,5,1.78,0
347,6,1.78,0
347,7,1.84,0
348,1,1.28,4
348,2,1.26,3
348,3,1.24,4
348,4,63.4,1
348,5,1.78,0
348,6,1.78,0
348,7,1.84,0
349,1,1.3,2
349,2,1.26,6
349,3,1.24,4
349,4,64.0,1
349,5,1.8,0
349,6,1.78,0
349,7,1.84,0
350,1,1.3,8
350,2,1.28,6
350,3,1.24,5
350,4,62.6,0
350,5,1.8,0
350,6,1.78,0
350,7,1.86,0
351,1,1.3,2
351,2,1.3,2
351,3,1.24,5
351,4,66.4,1
351,5,1.8,0
351,6,1.78,0
351,7,1.86,0
352,1,1.3,1
352,2,1.3,4
352,3,1.24,2
352,4,64.0,1
352,5,1.82,0
352,6,1.78,0
352,7,1.86,0
353,1,1.3,6
353,2,1.3,2
353,3,1.24,5
353,4,63.4,0
353,5,1.82,0
353,6,1.78,0
353,7,1.88,0
354,1,1.3,4
354,2,1.3,4
354,3,1.24,2
354,4,66.0,0
354,5,1.82,0
354,6,1.78,0
354,7,1.88,0
355,1,1.3,4
355,2,1.3,5
355,3,1.24,2
355,4,68.0,0
355,5,1.82,0
355,6,1.78,0
355,7,1.88,0
356,1,1.3,1
356,2,1.3,1
356,3,1.24,5
356,4,70.2,0
356,5,1.82,0
356,6,1.78,0
356,7,1.88,0
357,1,1.32,8
357,2,1.3,1
357,3,1.24,4
357,4,71.6,0
357,5,1.82,0
357,6,1.78,0
357,7,1.88,0
358,1,1.32,5
358,2,1.32,6
358,3,1.24,1
358,4,74.2,0
358,5,1.82,0
358,6,1.78,0
358,7,1.88,0
359,1,1.32,3
359,2,1.32,4
359,3,1.24,3
359,4,76.6,0
359,5,1.82,0
359,6,1.78,0
359,7,1.88,0
360,1,1.32,5
360,2,1.32,7
360,3,1.24,6
360,4,78.6,0
360,5,1.82,0
360,6,1.78,0
360,7,1.88,0
361,1,1.34,2
361,2,1.32,3
361,3,1.24,7
361,4,82.2,0
361,5,1.82,0
361,6,1.78,0
361,7,1.88,0
362,1,1.34,6
362,2,1.32,1
362,3,1.24,1
362,4,84.6,0
362,5,1.82,0
362,6,1.78,0
362,7,1.88,0
363,1,1.34,3
363,2,1.32,7
363,3,1.26,0
363,4,86.2,0
363,5,1.82,0
363,6,1.78,0
363,7,1.88,0
364,1,1.34,3
364,2,1.32,5
364,3,1.26,0
364,4,88.2,1
364,5,1.82,0
364,6,1.78,0
364,7,1.88,0
365,1,1.36,3
365,2,1.32,6
365,3,1.26,7
365,4,85.4,0
365,5,1.82,0
365,6,1.8,0
365,7,1.88,0
366,1,1.36,2
366,2,1.32,2
366,3,1.26,4
366,4,88.6,0
366,5,1.82,0
366,6,1.8,0
366,7,1.88,0
367,1,1.36,4
367,2,1.32,2
367,3,1.26,10
367,4,90.2,0
367,5,1.82,0
367,6,1.8,0
367,7,1.88,0
368,1,1.36,3
368,2,1.32,11
368,3,1.28,2
368,4,93.4,0
368,5,1.82,0
368,6,1.8,0
368,7,1.88,0
369,1,1.36,3
369,2,1.34,0
369,3,1.28,6
369,4,96.6,0
369,5,1.82,0
369,6,1.8,0
369,7,1.88,0
370,1,1.36,5
370,2,1.34,2
370,3,1.3,8
370,4,98.4,1
370,5,1.82,0
370,6,1.8,0
370,7,1.88,0
371,1,1.38,5
371,2,1.34,4
371,3,1.3,4
371,4,95.2,1
371,5,1.84,0
371,6,1.8,0
371,7,1.88,0
372,1,1.38,6
372,2,1.34,3
372,3,1.3,3
372,4,94.8,0
372,5,1.84,0
372,6,1.82,0
372,7,1.88,0
373,1,1.38,2
373,2,1.34,4
373,3,1.3,5
373,4,97.2,1
373,5,1.84,0
373,6,1.82,0
373,7,1.88,0
374,1,1.38,4
374,2,1.34,3
374,3,1.3,3
374,4,96.4,0
374,5,1.84,0
374,6,1.84,0
374,7,1.88,0
375,1,1.38,3
375,2,1.34,7
375,3,1.3,4
375,4,98.4,1
375,5,1.84,0
375,6,1.84,0
375,7,1.88,0
376,1,1.38,2
376,2,1.34,7
376,3,1.3,1
376,4,95.6,1
376,5,1.86,0
376,6,1.84,0
376,7,1.88,0
377,1,1.4,2
377,2,1.34,5
377,3,1.3,5
377,4,93.2,0
377,5,1.86,0
377,6,1.84,0
377,7,1.9,0
378,1,1.4,1
378,2,1.34,4
378,3,1.3,3
378,4,95.6,0
378,5,1.86,0
378,6,1.84,0
378,7,1.9,0
379,1,1.4,3
379,2,1.34,1
379,3,1.3,4
379,4,97.2,0
379,5,1.86,0
379,6,1.84,0
379,7,1.9,0
380,1,1.4,6
380,2,1.34,0
380,3,1.3,2
380,4,98.8,0
380,5,1.86,0
380,6,1.84,0
380,7,1.9,0
381,1,1.4,7
381,2,1.36,3
381,3,1.3,3
381,4,100.4,0
381,5,1.86,0
381,6,1.84,0
381,7,1.9,0
382,1,1.4,1
382,2,1.36,3
382,3,1.3,4
382,4,103.0,0
382,5,1.86,0
382,6,1.84,0
382,7,1.9,0
383,1,1.4,3
383,2,1.36,7
383,3,1.32,4
383,4,104.6,1
383,5,1.86,0
383,6,1.84,0
383,7,1.9,0
384,1,1.4,5
384,2,1.36,5
384,3,1.32,4
384,4,101.2,0
384,5,1.86,0
384,6,1.86,0
384,7,1.9,0
385,1,1.4,4
385,2,1.36,7
385,3,1.32,5
385,4,104.0,0
385,5,1.86,0
385,6,1.86,0
385,7,1.9,0
386,1,1.4,7
386,2,1.36,5
386,3,1.32,8
386,4,107.2,1
386,5,1.86,0
386,6,1.86,0
386,7,1.9,0
387,1,1.4,2
387,2,1.38,5
387,3,1.32,5
387,4,106.2,0
387,5,1.88,0
387,6,1.86,0
387,7,1.9,0
388,1,1.4,2
388,2,1.38,4
388,3,1.32,4
388,4,108.6,0
388,5,1.88,0
388,6,1.86,0
388,7,1.9,0
389,1,1.4,2
389,2,1.38,2
389,3,1.32,6
389,4,110.6,0
389,5,1.88,0
389,6,1.86,0
389,7,1.9,0
390,1,1.4,2
390,2,1.38,1
390,3,1.32,2
390,4,112.6,1
390,5,1.88,0
390,6,1.86,0
390,7,1.9,0
391,1,1.4,5
391,2,1.38,2
391,3,1.34,4
391,4,109.8,0
391,5,1.88,0
391,6,1.86,0
391,7,1.92,0
392,1,1.4,5
392,2,1.38,2
392,3,1.34,5
392,4,112.0,0
392,5,1.88,0
392,6,1.86,0
392,7,1.92,0
393,1,1.4,9
393,2,1.38,4
393,3,1.34,3
393,4,114.4,0
393,5,1.88,0
393,6,1.86,0
393,7,1.92,0
394,1,1.42,2
394,2,1.38,3
394,3,1.34,5
394,4,117.6,0
394,5,1.88,0
394,6,1.86,0
394,7,1.92,0
395,1,1.42,4
395,2,1.38,6
395,3,1.34,6
395,4,119.6,1
395,5,1.88,0
395,6,1.86,0
395,7,1.92,0
396,1,1.42,3
396,2,1.4,4
396,3,1.34,3
396,4,114.2,1
396,5,1.88,0
396,6,1.88,0
396,7,1.92,0
397,1,1.42,1
397,2,1.4,5
397,3,1.34,6
397,4,109.4,0
397,5,1.88,0
397,6,1.88,0
397,7,1.94,0
398,1,1.42,3
398,2,1.4,3
398,3,1.34,3
398,4,111.8,0
398,5,1.88,0
398,6,1.88,0
398,7,1.94,0
399,1,1.42,7
399,2,1.4,10
399,3,1.34,2
399,4,113.6,0
399,5,1.88,0
399,6,1.88,0
399,7,1.94,0
400,1,1.42,3
400,2,1.4,4
400,3,1.34,6
400,4,117.4,0
400,5,1.88,0
400,6,1.88,0
400,7,1.94,0
401,1,1.42,1
401,2,1.4,4
401,3,1.34,5
401,4,120.0,0
401,5,1.88,0
401,6,1.88,0
401,7,1.94,0
402,1,1.42,4
402,2,1.42,3
402,3,1.34,7
402,4,122.0,0
402,5,1.88,0
402,6,1.88,0
402,7,1.94,0
403,1,1.42,2
403,2,1.42,3
403,3,1.36,5
403,4,124.8,1
403,5,1.88,0
403,6,1.88,0
403,7,1.94,0
404,1,1.42,6
404,2,1.42,6
404,3,1.36,8
404,4,123.0,0
404,5,1.88,0
404,6,1.9,0
404,7,1.94,0
405,1,1.42,6
405,2,1.42,5
405,3,1.36,6
405,4,127.0,1
405,5,1.88,0
405,6,1.9,0
405,7,1.94,0
406,1,1.42,4
406,2,1.42,4
406,3,1.36,2
406,4,126.6,0
406,5,1.9,0
406,6,1.9,0
406,7,1.94,0
407,1,1.42,5
407,2,1.42,5
407,3,1.36,1
407,4,128.6,1
407,5,1.9,0
407,6,1.9,0
407,7,1.94,0
408,1,1.42,6
408,2,1.42,4
408,3,1.36,5
408,4,127.6,1
408,5,1.9,0
408,6,1.9,0
408,7,1.96,0
409,1,1.42,2
409,2,1.42,7
409,3,1.36,5
409,4,123.0,0
409,5,1.92,0
409,6,1.9,0
409,7,1.96,0
410,1,1.42,4
410,2,1.42,4
410,3,1.36,7
410,4,125.8,0
410,5,1.92,0
410,6,1.9,0
410,7,1.96,0
411,1,1.42,7
411,2,1.42,6
411,3,1.36,7
411,4,128.8,1
411,5,1.92,0
411,6,1.9,0
411,7,1.96,0
412,1,1.42,5
412,2,1.42,4
412,3,1.36,3
412,4,126.8,0
412,5,1.92,0
412,6,1.92,0
412,7,1.96,0
413,1,1.42,2
413,2,1.42,9
413,3,1.36,8
413,4,129.2,0
413,5,1.92,0
413,6,1.92,0
413,7,1.96,0
414,1,1.42,5
414,2,1.42,4
414,3,1.36,3
414,4,133.0,0
414,5,1.92,0
414,6,1.92,0
414,7,1.96,0
415,1,1.42,5
415,2,1.42,3
415,3,1.36,9
415,4,135.4,0
415,5,1.92,0
415,6,1.92,0
415,7,1.96,0
416,1,1.42,2
416,2,1.42,2
416,3,1.36,4
416,4,138.8,1
416,5,1.92,0
416,6,1.92,0
416,7,1.96,0
417,1,1.42,1
417,2,1.42,4
417,3,1.36,3
417,4,135.4,0
417,5,1.92,0
417,6,1.92,0
417,7,1.98,0
418,1,1.42,2
418,2,1.42,7
418,3,1.36,5
418,4,137.0,0
418,5,1.92,0
418,6,1.92,0
418,7,1.98,0
419,1,1.42,5
419,2,1.42,5
419,3,1.36,2
419,4,139.8,0
419,5,1.92,0
419,6,1.92,0
419,7,1.98,0
420,1,1.42,6
420,2,1.44,5
420,3,1.36,6
420,4,142.2,0
420,5,1.92,0
420,6,1.92,0
420,7,1.98,0
421,1,1.44,3
421,2,1.44,5
421,3,1.36,4
421,4,145.6,0
421,5,1.92,0
421,6,1.92,0
421,7,1.98,0
422,1,1.44,6
422,2,1.44,5
422,3,1.36,2
422,4,148.0,0
422,5,1.92,0
422,6,1.92,0
422,7,1.98,0
423,1,1.44,3
423,2,1.44,6
423,3,1.36,0
423,4,150.6,0
423,5,1.92,0
423,6,1.92,0
423,7,1.98,0
424,1,1.44,5
424,2,1.44,4
424,3,1.38,7
424,4,152.4,0
424,5,1.92,0
424,6,1.92,0
424,7,1.98,0
425,1,1.44,4
425,2,1.46,6
425,3,1.38,8
425,4,155.6,1
425,5,1.92,0
425,6,1.92,0
425,7,1.98,0
426,1,1.44,7
426,2,1.46,6
426,3,1.4,6
426,4,156.8,1
426,5,1.92,0
426,6,1.94,0
426,7,1.98,0
427,1,1.44,4
427,2,1.46,5
427,3,1.4,7
427,4,151.0,0
427,5,1.92,0
427,6,1.94,0
427,7,2.0,0
428,1,1.44,6
428,2,1.46,6
428,3,1.4,4
428,4,154.2,0
428,5,1.92,0
428,6,1.94,0
428,7,2.0,0
429,1,1.44,1
429,2,1.46,8
429,3,1.4,5
429,4,157.4,0
429,5,1.92,0
429,6,1.94,0
429,7,2.0,0
430,1,1.44,10
430,2,1.46,3
430,3,1.4,6
430,4,160.2,1
430,5,1.92,0
430,6,1.94,0
430,7,2.0,0
431,1,1.44,1
431,2,1.46,2
431,3,1.4,4
431,4,157.8,0
431,5,1.92,0
431,6,1.96,0
431,7,2.0,0
432,1,1.44,4
432,2,1.46,5
432,3,1.4,6
432,4,159.2,0
432,5,1.92,0
432,6,1.96,0
432,7,2.0,0
433,1,1.44,5
433,2,1.46,9
433,3,1.4,7
433,4,162.2,1
433,5,1.92,0
433,6,1.96,0
433,7,2.0,0
434,1,1.44,4
434,2,1.48,1
434,3,1.42,5
434,4,164.4,0
434,5,1.92,0
434,6,1.98,0
434,7,2.0,0
435,1,1.44,1
435,2,1.48,4
435,3,1.42,4
435,4,166.4,0
435,5,1.92,0
435,6,1.98,0
435,7,2.0,0
436,1,1.44,5
436,2,1.48,6
436,3,1.42,5
436,4,168.2,0
436,5,1.92,0
436,6,1.98,0
436,7,2.0,0
437,1,1.44,5
437,2,1.48,4
437,3,1.44,7
437,4,171.4,1
437,5,1.92,0
437,6,1.98,0
437,7,2.0,0
438,1,1.46,3
438,2,1.5,10
438,3,1.44,11
438,4,170.8,1
438,5,1.94,0
438,6,1.98,0
438,7,2.0,0
439,1,1.46,3
439,2,1.5,4
439,3,1.44,4
439,4,167.4,1
439,5,1.94,0
439,6,2.0,0
439,7,2.0,0
440,1,1.46,5
440,2,1.5,5
440,3,1.44,4
440,4,157.8,0
440,5,1.94,0
440,6,2.0,0
440,7,2.02,0
441,1,1.46,5
441,2,1.5,1
441,3,1.44,5
441,4,160.6,1
441,5,1.94,0
441,6,2.0,0
441,7,2.02,0
442,1,1.46,4
442,2,1.5,5
442,3,1.44,7
442,4,158.8,0
442,5,1.96,0
442,6,2.0,0
442,7,2.02,0
443,1,1.46,7
443,2,1.5,7
443,3,1.44,5
443,4,162.0,1
443,5,1.96,0
443,6,2.0,0
443,7,2.02,0
444,1,1.46,3
444,2,1.5,3
444,3,1.44,1
444,4,160.4,0
444,5,1.96,0
444,6,2.0,0
444,7,2.04,0
445,1,1.46,6
445,2,1.5,2
445,3,1.44,4
445,4,161.8,0
445,5,1.96,0
445,6,2.0,0
445,7,2.04,0
446,1,1.46,6
446,2,1.5,3
446,3,1.44,2
446,4,164.2,0
446,5,1.96,0
446,6,2.0,0
446,7,2.04,0
447,1,1.46,2
447,2,1.52,4
447,3,1.44,5
447,4,166.4,0
447,5,1.96,0
447,6,2.0,0
447,7,2.04,0
448,1,1.46,5
448,2,1.52,7
448,3,1.44,4
448,4,168.6,0
448,5,1.96,0
448,6,2.0,0
448,7,2.04,0
449,1,1.46,7
449,2,1.52,3
449,3,1.44,6
449,4,171.8,0
449,5,1.96,0
449,6,2.0,0
449,7,2.04,0
450,1,1.46,2
450,2,1.54,9
450,3,1.44,4
450,4,175.0,0
450,5,1.96,0
450,6,2.0,0
450,7,2.04,0
451,1,1.48,3
451,2,1.54,5
451,3,1.44,3
451,4,178.0,1
451,5,1.96,0
451,6,2.0,0
451,7,2.04,0
452,1,1.48,9
452,2,1.54,5
452,3,1.44,3
452,4,176.4,0
452,5,1.98,0
452,6,2.0,0
452,7,2.04,0
453,1,1.48,5
453,2,1.54,2
453,3,1.44,8
453,4,179.8,0
453,5,1.98,0
453,6,2.0,0
453,7,2.04,0
454,1,1.48,4
454,2,1.54,6
454,3,1.44,4
454,4,182.8,0
454,5,1.98,0
454,6,2.0,0
454,7,2.04,0
455,1,1.5,5
455,2,1.54,7
455,3,1.44,5
455,4,185.6,1
455,5,1.98,0
455,6,2.0,0
455,7,2.04,0
456,1,1.5,8
456,2,1.54,9
456,3,1.44,2
456,4,181.8,0
456,5,1.98,0
456,6,2.02,0
456,7,2.04,0
457,1,1.5,5
457,2,1.54,5
457,3,1.44,2
457,4,185.6,0
457,5,1.98,0
457,6,2.02,0
457,7,2.04,0
458,1,1.5,4
458,2,1.54,9
458,3,1.44,3
458,4,188.0,1
458,5,1.98,0
458,6,2.02,0
458,7,2.04,0
459,1,1.5,11
459,2,1.56,4
459,3,1.44,3
459,4,180.4,1
459,5,2.0,0
459,6,2.02,0
459,7,2.04,0
460,1,1.5,1
460,2,1.56,2
460,3,1.44,11
460,4,174.8,0
460,5,2.0,0
460,6,2.02,0
460,7,2.06,0
461,1,1.5,6
461,2,1.56,8
461,3,1.44,5
461,4,177.6,0
461,5,2.0,0
461,6,2.02,0
461,7,2.06,0
462,1,1.5,6
462,2,1.56,6
462,3,1.44,6
462,4,181.4,1
462,5,2.0,0
462,6,2.02,0
462,7,2.06,0
463,1,1.5,5
463,2,1.56,9
463,3,1.44,2
463,4,181.0,1
463,5,2.02,0
463,6,2.02,0
463,7,2.06,0
464,1,1.5,0
464,2,1.56,8
464,3,1.44,6
464,4,177.0,0
464,5,2.02,0
464,6,2.04,0
464,7,2.06,0
465,1,1.5,8
465,2,1.56,5
465,3,1.44,2
465,4,179.8,0
465,5,2.02,0
465,6,2.04,0
465,7,2.06,0
466,1,1.5,1
466,2,1.56,5
466,3,1.44,5
466,4,182.8,1
466,5,2.02,0
466,6,2.04,0
466,7,2.06,0
467,1,1.5,3
467,2,1.58,4
467,3,1.44,2
467,4,181.0,0
467,5,2.02,0
467,6,2.04,0
467,7,2.08,0
468,1,1.5,1
468,2,1.58,9
468,3,1.44,6
468,4,182.8,1
468,5,2.02,0
468,6,2.04,0
468,7,2.08,0
469,1,1.5,5
469,2,1.58,8
469,3,1.44,2
469,4,176.2,1
469,5,2.02,0
469,6,2.06,0
469,7,2.08,0
470,1,1.5,6
470,2,1.58,10
470,3,1.44,6
470,4,171.4,0
470,5,2.02,0
470,6,2.06,0
470,7,2.1,0
471,1,1.5,3
471,2,1.58,2
471,3,1.44,9
471,4,175.8,0
471,5,2.02,0
471,6,2.06,0
471,7,2.1,0
472,1,1.5,4
472,2,1.58,6
472,3,1.44,7
472,4,178.6,0
472,5,2.02,0
472,6,2.06,0
472,7,2.1,0
473,1,1.5,5
473,2,1.58,3
473,3,1.44,2
473,4,182.0,0
473,5,2.02,0
473,6,2.06,0
473,7,2.1,0
474,1,1.5,4
474,2,1.58,5
474,3,1.44,6
474,4,184.0,0
474,5,2.02,0
474,6,2.06,0
474,7,2.1,0
475,1,1.5,3
475,2,1.58,10
475,3,1.44,5
475,4,187.0,1
475,5,2.02,0
475,6,2.06,0
475,7,2.1,0
476,1,1.5,7
476,2,1.58,6
476,3,1.44,5
476,4,178.6,0
476,5,2.04,0
476,6,2.06,0
476,7,2.1,0
477,1,1.5,6
477,2,1.6,6
477,3,1.44,4
477,4,182.2,0
477,5,2.04,0
477,6,2.06,0
477,7,2.1,0
478,1,1.5,3
478,2,1.6,6
478,3,1.44,9
478,4,185.4,1
478,5,2.04,0
478,6,2.06,0
478,7,2.1,0
479,1,1.5,3
479,2,1.6,6
479,3,1.44,5
479,4,179.8,0
479,5,2.04,0
479,6,2.08,0
479,7,2.1,0
480,1,1.5,6
480,2,1.6,3
480,3,1.44,5
480,4,182.6,0
480,5,2.04,0
480,6,2.08,0
480,7,2.1,0
481,1,1.5,3
481,2,1.6,7
481,3,1.44,3
481,4,185.4,1
481,5,2.04,0
481,6,2.08,0
481,7,2.1,0
482,1,1.5,7
482,2,1.6,11
482,3,1.44,11
482,4,184.4,0
482,5,2.06,0
482,6,2.08,0
482,7,2.1,0
483,1,1.5,3
483,2,1.6,4
483,3,1.44,4
483,4,190.2,0
483,5,2.06,0
483,6,2.08,0
483,7,2.1,0
484,1,1.5,12
484,2,1.6,5
484,3,1.44,5
484,4,192.4,0
484,5,2.06,0
484,6,2.08,0
484,7,2.1,0
485,1,1.5,5
485,2,1.62,5
485,3,1.44,11
485,4,196.8,1
485,5,2.06,0
485,6,2.08,0
485,7,2.1,0
486,1,1.5,4
486,2,1.62,6
486,3,1.44,7
486,4,189.0,0
486,5,2.08,0
486,6,2.08,0
486,7,2.1,0
487,1,1.5,4
487,2,1.62,7
487,3,1.44,6
487,4,192.4,0
487,5,2.08,0
487,6,2.08,0
487,7,2.1,0
488,1,1.5,8
488,2,1.62,7
488,3,1.44,2
488,4,195.8,0
488,5,2.08,0
488,6,2.08,0
488,7,2.1,0
489,1,1.52,5
489,2,1.62,2
489,3,1.46,4
489,4,199.2,0
489,5,2.08,0
489,6,2.08,0
489,7,2.1,0
490,1,1.52,1
490,2,1.64,4
490,3,1.46,3
490,4,201.4,0
490,5,2.08,0
490,6,2.08,0
490,7,2.1,0
491,1,1.54,7
491,2,1.64,6
491,3,1.46,8
491,4,203.0,1
491,5,2.08,0
491,6,2.08,0
491,7,2.1,0
492,1,1.54,5
492,2,1.64,6
492,3,1.46,4
492,4,203.4,0
492,5,2.1,0
492,6,2.08,0
492,7,2.1,0
493,1,1.54,8
493,2,1.64,7
493,3,1.46,10
493,4,206.4,0
493,5,2.1,0
493,6,2.08,0
493,7,2.1,0
494,1,1.54,5
494,2,1.64,3
494,3,1.46,5
494,4,211.4,0
494,5,2.1,0
494,6,2.08,0
494,7,2.1,0
495,1,1.54,4
495,2,1.64,7
495,3,1.46,4
495,4,214.0,0
495,5,2.1,0
495,6,2.08,0
495,7,2.1,0
496,1,1.54,11
496,2,1.64,4
496,3,1.46,9
496,4,217.0,0
496,5,2.1,0
496,6,2.08,0
496,7,2.1,0
497,1,1.54,12
497,2,1.64,7
497,3,1.46,12
497,4,221.8,1
497,5,2.1,0
497,6,2.08,0
497,7,2.1,0
498,1,1.54,8
498,2,1.64,7
498,3,1.48,7
498,4,215.0,1
498,5,2.12,0
498,6,2.08,0
498,7,2.1,0
499,1,1.54,11
499,2,1.64,4
499,3,1.48,5
499,4,213.6,0
499,5,2.12,0
499,6,2.08,0
499,7,2.12,0
500,1,1.54,5
500,2,1.64,1
500,3,1.48,14
500,4,217.6,0
500,5,2.12,0
500,6,2.08,0
500,7,2.12,0
501,1,1.54,6
501,2,1.64,3
501,3,1.48,17
501,4,221.6,1
501,5,2.12,0
501,6,2.08,0
501,7,2.12,0
502,1,1.54,6
502,2,1.64,6
502,3,1.5,9
502,4,217.8,0
502,5,2.12,0
502,6,2.1,0
502,7,2.12,0
503,1,1.54,2
503,2,1.64,9
503,3,1.5,3
503,4,222.0,0
503,5,2.12,0
503,6,2.1,0
503,7,2.12,0
504,1,1.54,3
504,2,1.64,5
504,3,1.5,4
504,4,224.8,0
504,5,2.12,0
504,6,2.1,0
504,7,2.12,0
505,1,1.54,1
505,2,1.64,4
505,3,1.5,9
505,4,227.2,0
505,5,2.12,0
505,6,2.1,0
505,7,2.12,0
506,1,1.54,9
506,2,1.64,5
506,3,1.5,2
506,4,230.0,0
506,5,2.12,0
506,6,2.1,0
506,7,2.12,0
507,1,1.54,7
507,2,1.66,10
507,3,1.5,5
507,4,233.2,0
507,5,2.12,0
507,6,2.1,0
507,7,2.12,0
508,1,1.54,2
508,2,1.66,5
508,3,1.5,9
508,4,237.6,1
508,5,2.12,0
508,6,2.1,0
508,7,2.12,0
509,1,1.54,4
509,2,1.66,4
509,3,1.5,10
509,4,229.4,1
509,5,2.14,0
509,6,2.1,0
509,7,2.12,0
510,1,1.54,2
510,2,1.66,8
510,3,1.5,6
510,4,223.8,0
510,5,2.14,0
510,6,2.12,0
510,7,2.12,0
511,1,1.54,0
511,2,1.66,3
511,3,1.5,5
511,4,227.0,1
511,5,2.14,0
511,6,2.12,0
511,7,2.12,0
512,1,1.54,6
512,2,1.66,3
512,3,1.5,7
512,4,222.0,0
512,5,2.16,0
512,6,2.12,0
512,7,2.12,0
513,1,1.54,8
513,2,1.66,6
513,3,1.5,9
513,4,225.2,0
513,5,2.16,0
513,6,2.12,0
513,7,2.12,0
514,1,1.54,7
514,2,1.66,11
514,3,1.5,9
514,4,229.8,0
514,5,2.16,0
514,6,2.12,0
514,7,2.12,0
515,1,1.54,5
515,2,1.66,11
515,3,1.52,9
515,4,235.2,0
515,5,2.16,0
515,6,2.12,0
515,7,2.12,0
516,1,1.54,5
516,2,1.66,5
516,3,1.52,11
516,4,240.2,0
516,5,2.16,0
516,6,2.12,0
516,7,2.12,0
517,1,1.54,2
517,2,1.66,2
517,3,1.52,3
517,4,244.4,1
517,5,2.16,0
517,6,2.12,0
517,7,2.12,0
518,1,1.54,3
518,2,1.66,9
518,3,1.52,5
518,4,235.4,0
518,5,2.16,0
518,6,2.14,0
518,7,2.12,0
519,1,1.54,5
519,2,1.66,4
519,3,1.52,0
519,4,238.8,1
519,5,2.16,0
519,6,2.14,0
519,7,2.12,0
520,1,1.54,8
520,2,1.66,16
520,3,1.52,4
520,4,233.8,0
520,5,2.16,0
520,6,2.14,0
520,7,2.14,0
521,1,1.54,12
521,2,1.66,2
521,3,1.52,12
521,4,239.4,0
521,5,2.16,0
521,6,2.14,0
521,7,2.14,0
522,1,1.54,5
522,2,1.66,7
522,3,1.52,0
522,4,244.6,1
522,5,2.16,0
522,6,2.14,0
522,7,2.14,0
523,1,1.54,9
523,2,1.68,0
523,3,1.52,6
523,4,239.4,0
523,5,2.16,0
523,6,2.14,0
523,7,2.16,0
524,1,1.54,5
524,2,1.68,5
524,3,1.52,5
524,4,242.4,0
524,5,2.16,0
524,6,2.14,0
524,7,2.16,0
525,1,1.54,5
525,2,1.68,8
525,3,1.52,6
525,4,245.4,0
525,5,2.16,0
525,6,2.14,0
525,7,2.16,0
526,1,1.54,7
526,2,1.68,15
526,3,1.52,5
526,4,249.2,0
526,5,2.16,0
526,6,2.14,0
526,7,2.16,0
527,1,1.54,4
527,2,1.7,5
527,3,1.52,7
527,4,254.6,1
527,5,2.16,0
527,6,2.14,0
527,7,2.16,0
528,1,1.56,9
528,2,1.7,8
528,3,1.52,4
528,4,248.6,0
528,5,2.18,0
528,6,2.14,0
528,7,2.16,0
529,1,1.56,1
529,2,1.7,4
529,3,1.52,6
529,4,252.8,0
529,5,2.18,0
529,6,2.14,0
529,7,2.16,0
530,1,1.56,6
530,2,1.7,5
530,3,1.52,5
530,4,255.0,0
530,5,2.18,0
530,6,2.14,0
530,7,2.16,0
531,1,1.56,7
531,2,1.7,9
531,3,1.52,2
531,4,258.2,0
531,5,2.18,0
531,6,2.14,0
531,7,2.16,0
532,1,1.56,3
532,2,1.7,5
532,3,1.52,3
532,4,261.8,0
532,5,2.18,0
532,6,2.14,0
532,7,2.16,0
533,1,1.56,17
533,2,1.7,10
533,3,1.52,2
533,4,264.0,0
533,5,2.18,0
533,6,2.14,0
533,7,2.16,0
534,1,1.56,13
534,2,1.7,10
534,3,1.52,3
534,4,269.8,1
534,5,2.18,0
534,6,2.14,0
534,7,2.16,0
535,1,1.58,13
535,2,1.72,5
535,3,1.52,8
535,4,270.8,0
535,5,2.2,0
535,6,2.14,0
535,7,2.16,0
536,1,1.58,8
536,2,1.72,8
536,3,1.52,8
536,4,276.0,0
536,5,2.2,0
536,6,2.14,0
536,7,2.16,0
537,1,1.58,2
537,2,1.72,8
537,3,1.52,6
537,4,280.8,0
537,5,2.2,0
537,6,2.14,0
537,7,2.16,0
538,1,1.58,8
538,2,1.74,5
538,3,1.52,5
538,4,284.0,0
538,5,2.2,0
538,6,2.14,0
538,7,2.16,0
539,1,1.58,4
539,2,1.74,3
539,3,1.52,7
539,4,287.6,0
539,5,2.2,0
539,6,2.14,0
539,7,2.16,0
540,1,1.58,9
540,2,1.74,4
540,3,1.52,6
540,4,290.4,0
540,5,2.2,0
540,6,2.14,0
540,7,2.16,0
541,1,1.58,5
541,2,1.74,3
541,3,1.52,9
541,4,294.2,1
541,5,2.2,0
541,6,2.14,0
541,7,2.16,0
542,1,1.6,10
542,2,1.74,2
542,3,1.52,5
542,4,288.0,0
542,5,2.2,0
542,6,2.14,0
542,7,2.18,0
543,1,1.6,4
543,2,1.74,19
543,3,1.52,10
543,4,291.4,0
543,5,2.2,0
543,6,2.14,0
543,7,2.18,0
544,1,1.6,4
544,2,1.74,11
544,3,1.52,12
544,4,298.0,0
544,5,2.2,0
544,6,2.14,0
544,7,2.18,0
545,1,1.6,4
545,2,1.74,8
545,3,1.52,8
545,4,303.4,1
545,5,2.2,0
545,6,2.14,0
545,7,2.18,0
546,1,1.6,4
546,2,1.74,3
546,3,1.52,4
546,4,295.2,0
546,5,2.2,0
546,6,2.16,0
546,7,2.18,0
547,1,1.6,22
547,2,1.74,9
547,3,1.52,7
547,4,297.4,0
547,5,2.2,0
547,6,2.16,0
547,7,2.18,0
548,1,1.6,7
548,2,1.74,12
548,3,1.52,4
548,4,305.0,1
548,5,2.2,0
548,6,2.16,0
548,7,2.18,0
549,1,1.6,8
549,2,1.76,9
549,3,1.52,8
549,4,301.2,0
549,5,2.2,0
549,6,2.16,0
549,7,2.2,0
550,1,1.6,13
550,2,1.76,9
550,3,1.52,8
550,4,306.2,0
550,5,2.2,0
550,6,2.16,0
550,7,2.2,0
551,1,1.6,7
551,2,1.76,6
551,3,1.52,2
551,4,312.2,0
551,5,2.2,0
551,6,2.16,0
551,7,2.2,0
552,1,1.6,1
552,2,1.76,2
552,3,1.52,3
552,4,315.2,1
552,5,2.2,0
552,6,2.16,0
552,7,2.2,0
553,1,1.6,2
553,2,1.76,5
553,3,1.52,4
553,4,308.0,0
553,5,2.22,0
553,6,2.16,0
553,7,2.2,0
554,1,1.6,7
554,2,1.76,10
554,3,1.52,4
554,4,310.2,1
554,5,2.22,0
554,6,2.16,0
554,7,2.2,0
555,1,1.6,6
555,2,1.76,17
555,3,1.52,9
555,4,308.4,0
555,5,2.22,0
555,6,2.18,0
555,7,2.2,0
556,1,1.6,5
556,2,1.76,10
556,3,1.52,5
556,4,314.8,1
556,5,2.22,0
556,6,2.18,0
556,7,2.2,0
557,1,1.6,2
557,2,1.76,7
557,3,1.52,2
557,4,306.6,1
557,5,2.24,0
557,6,2.18,0
557,7,2.2,0
558,1,1.6,3
558,2,1.76,3
558,3,1.52,10
558,4,303.0,0
558,5,2.24,0
558,6,2.18,0
558,7,2.22,0
559,1,1.6,8
559,2,1.76,9
559,3,1.52,8
559,4,306.2,0
559,5,2.24,0
559,6,2.18,0
559,7,2.22,0
560,1,1.6,5
560,2,1.76,11
560,3,1.52,4
560,4,311.2,0
560,5,2.24,0
560,6,2.18,0
560,7,2.22,0
561,1,1.6,3
561,2,1.76,6
561,3,1.52,6
561,4,315.2,1
561,5,2.24,0
561,6,2.18,0
561,7,2.22,0
562,1,1.6,4
562,2,1.76,6
562,3,1.52,2
562,4,310.2,0
562,5,2.24,0
562,6,2.2,0
562,7,2.22,0
563,1,1.6,2
563,2,1.76,6
563,3,1.52,8
563,4,312.6,0
563,5,2.24,0
563,6,2.2,0
563,7,2.22,0
564,1,1.6,5
564,2,1.76,3
564,3,1.52,5
564,4,315.8,0
564,5,2.24,0
564,6,2.2,0
564,7,2.22,0
565,1,1.6,2
565,2,1.78,7
565,3,1.52,4
565,4,318.4,1
565,5,2.24,0
565,6,2.2,0
565,7,2.22,0
566,1,1.62,5
566,2,1.78,5
566,3,1.52,9
566,4,312.0,0
566,5,2.24,0
566,6,2.2,0
566,7,2.24,0
567,1,1.62,6
567,2,1.78,4
567,3,1.52,1
567,4,315.8,0
567,5,2.24,0
567,6,2.2,0
567,7,2.24,0
568,1,1.62,3
568,2,1.78,3
568,3,1.52,3
568,4,318.0,0
568,5,2.24,0
568,6,2.2,0
568,7,2.24,0
569,1,1.62,4
569,2,1.78,4
569,3,1.52,8
569,4,319.8,0
569,5,2.24,0
569,6,2.2,0
569,7,2.24,0
570,1,1.62,20
570,2,1.78,11
570,3,1.52,7
570,4,323.0,0
570,5,2.24,0
570,6,2.2,0
570,7,2.24,0
571,1,1.62,7
571,2,1.78,4
571,3,1.52,4
571,4,330.6,1
571,5,2.24,0
571,6,2.2,0
571,7,2.24,0
572,1,1.62,6
572,2,1.8,4
572,3,1.54,4
572,4,330.8,1
572,5,2.26,0
572,6,2.2,0
572,7,2.24,0
573,1,1.62,6
573,2,1.8,13
573,3,1.54,13
573,4,320.8,0
573,5,2.26,0
573,6,2.22,0
573,7,2.24,0
574,1,1.62,5
574,2,1.8,1
574,3,1.54,7
574,4,327.2,1
574,5,2.26,0
574,6,2.22,0
574,7,2.24,0
575,1,1.62,8
575,2,1.8,12
575,3,1.54,8
575,4,324.8,0
575,5,2.28,0
575,6,2.22,0
575,7,2.24,0
576,1,1.62,7
576,2,1.8,4
576,3,1.54,8
576,4,330.4,1
576,5,2.28,0
576,6,2.22,0
576,7,2.24,0
577,1,1.62,2
577,2,1.8,2
577,3,1.54,0
577,4,331.2,0
577,5,2.28,0
577,6,2.24,0
577,7,2.24,0
578,1,1.62,3
578,2,1.8,4
578,3,1.54,2
578,4,332.0,0
578,5,2.28,0
578,6,2.24,0
578,7,2.24,0
579,1,1.62,9
579,2,1.8,4
579,3,1.54,12
579,4,333.8,0
579,5,2.28,0
579,6,2.24,0
579,7,2.24,0
580,1,1.62,1
580,2,1.8,25
580,3,1.54,3
580,4,338.8,0
580,5,2.28,0
580,6,2.24,0
580,7,2.24,0
581,1,1.62,2
581,2,1.8,3
581,3,1.54,16
581,4,344.6,0
581,5,2.28,0
581,6,2.24,0
581,7,2.24,0
582,1,1.62,6
582,2,1.82,6
582,3,1.54,11
582,4,348.8,0
582,5,2.28,0
582,6,2.24,0
582,7,2.24,0
583,1,1.62,2
583,2,1.82,3
583,3,1.56,6
583,4,353.4,0
583,5,2.28,0
583,6,2.24,0
583,7,2.24,0
584,1,1.62,5
584,2,1.82,7
584,3,1.56,6
584,4,355.6,1
584,5,2.28,0
584,6,2.24,0
584,7,2.24,0
585,1,1.62,4
585,2,1.82,4
585,3,1.58,11
585,4,351.6,0
585,5,2.28,0
585,6,2.24,0
585,7,2.26,0
586,1,1.62,3
586,2,1.82,1
586,3,1.58,5
586,4,355.4,0
586,5,2.28,0
586,6,2.24,0
586,7,2.26,0
587,1,1.62,7
587,2,1.82,8
587,3,1.58,4
587,4,357.2,1
587,5,2.28,0
587,6,2.24,0
587,7,2.26,0
588,1,1.62,6
588,2,1.82,10
588,3,1.58,5
588,4,349.0,0
588,5,2.28,0
588,6,2.26,0
588,7,2.26,0
589,1,1.62,23
589,2,1.82,6
589,3,1.58,24
589,4,353.2,0
589,5,2.28,0
589,6,2.26,0
589,7,2.26,0
590,1,1.62,10
590,2,1.82,4
590,3,1.58,3
590,4,363.8,1
590,5,2.28,0
590,6,2.26,0
590,7,2.26,0
591,1,1.64,8
591,2,1.82,2
591,3,1.58,7
591,4,357.2,1
591,5,2.3,0
591,6,2.26,0
591,7,2.26,0
592,1,1.64,4
592,2,1.82,10
592,3,1.58,9
592,4,343.2,0
592,5,2.3,0
592,6,2.28,0
592,7,2.26,0
593,1,1.64,9
593,2,1.82,4
593,3,1.58,3
593,4,347.8,0
593,5,2.3,0
593,6,2.28,0
593,7,2.26,0
594,1,1.64,7
594,2,1.82,3
594,3,1.58,3
594,4,351.0,0
594,5,2.3,0
594,6,2.28,0
594,7,2.26,0
595,1,1.64,6
595,2,1.82,0
595,3,1.58,4
595,4,353.6,1
595,5,2.3,0
595,6,2.28,0
595,7,2.26,0
596,1,1.64,11
596,2,1.82,3
596,3,1.6,12
596,4,349.2,0
596,5,2.3,0
596,6,2.3,0
596,7,2.26,0
597,1,1.64,7
597,2,1.82,16
597,3,1.6,11
597,4,354.4,1
597,5,2.3,0
597,6,2.3,0
597,7,2.26,0
598,1,1.64,3
598,2,1.82,4
598,3,1.6,11
598,4,348.6,1
598,5,2.32,0
598,6,2.3,0
598,7,2.26,0
599,1,1.64,6
599,2,1.82,2
599,3,1.6,3
599,4,338.8,0
599,5,2.32,0
599,6,2.3,0
599,7,2.28,0
600,1,1.64,3
600,2,1.82,1
600,3,1.6,3
600,4,341.0,0
600,5,2.32,0
600,6,2.3,0
600,7,2.28,0
601,1,1.64,4
601,2,1.82,18
601,3,1.6,7
601,4,342.4,1
601,5,2.32,0
601,6,2.3,0
601,7,2.28,0
602,1,1.64,21
602,2,1.82,7
602,3,1.6,6
602,4,340.2,0
602,5,2.34,0
602,6,2.3,0
602,7,2.28,0
603,1,1.64,8
603,2,1.82,3
603,3,1.6,3
603,4,347.0,0
603,5,2.34,0
603,6,2.3,0
603,7,2.28,0
604,1,1.64,1
604,2,1.82,21
604,3,1.6,9
604,4,349.8,0
604,5,2.34,0
604,6,2.3,0
604,7,2.28,0
605,1,1.64,4
605,2,1.82,11
605,3,1.6,4
605,4,356.0,1
605,5,2.34,0
605,6,2.3,0
605,7,2.28,0
606,1,1.64,7
606,2,1.82,5
606,3,1.62,8
606,4,356.8,0
606,5,2.34,0
606,6,2.32,0
606,7,2.28,0
607,1,1.64,8
607,2,1.82,10
607,3,1.62,13
607,4,360.8,1
607,5,2.34,0
607,6,2.32,0
607,7,2.28,0
608,1,1.64,5
608,2,1.82,6
608,3,1.62,10
608,4,355.6,0
608,5,2.34,0
608,6,2.32,0
608,7,2.3,0
609,1,1.64,6
609,2,1.82,4
609,3,1.62,8
609,4,359.8,0
609,5,2.34,0
609,6,2.32,0
609,7,2.3,0
610,1,1.64,5
610,2,1.82,12
610,3,1.62,4
610,4,363.4,0
610,5,2.34,0
610,6,2.32,0
610,7,2.3,0
611,1,1.64,1
611,2,1.82,5
611,3,1.62,13
611,4,367.6,1
611,5,2.34,0
611,6,2.32,0
611,7,2.3,0
612,1,1.64,4
612,2,1.82,11
612,3,1.62,15
612,4,358.6,1
612,5,2.36,0
612,6,2.32,0
612,7,2.3,0
613,1,1.64,7
613,2,1.82,2
613,3,1.62,1
613,4,362.2,0
613,5,2.36,0
613,6,2.34,0
613,7,2.3,0
614,1,1.64,6
614,2,1.82,4
614,3,1.62,7
614,4,364.2,0
614,5,2.36,0
614,6,2.34,0
614,7,2.3,0
615,1,1.64,1
615,2,1.82,6
615,3,1.62,3
615,4,367.6,1
615,5,2.36,0
615,6,2.34,0
615,7,2.3,0
616,1,1.66,11
616,2,1.82,4
616,3,1.62,5
616,4,360.0,0
616,5,2.36,0
616,6,2.34,0
616,7,2.32,0
617,1,1.66,7
617,2,1.82,7
617,3,1.62,2
617,4,364.0,0
617,5,2.36,0
617,6,2.34,0
617,7,2.32,0
618,1,1.66,5
618,2,1.82,7
618,3,1.62,5
618,4,367.2,0
618,5,2.36,0
618,6,2.34,0
618,7,2.32,0
619,1,1.66,1
619,2,1.84,19
619,3,1.62,10
619,4,370.6,0
619,5,2.36,0
619,6,2.34,0
619,7,2.32,0
620,1,1.66,5
620,2,1.84,4
620,3,1.62,5
620,4,376.6,0
620,5,2.36,0
620,6,2.34,0
620,7,2.32,0
621,1,1.66,6
621,2,1.84,15
621,3,1.62,4
621,4,379.4,0
621,5,2.36,0
621,6,2.34,0
621,7,2.32,0
622,1,1.68,28
622,2,1.86,22
622,3,1.62,6
622,4,384.4,3
622,5,2.36,0
622,6,2.34,0
622,7,2.32,0
623,1,1.68,8
623,2,1.86,5
623,3,1.62,7
623,4,379.4,1
623,5,2.38,0
623,6,2.36,0
623,7,2.34,0
624,1,1.68,10
624,2,1.86,6
624,3,1.62,7
624,4,370.4,0
624,5,2.38,0
624,6,2.36,0
624,7,2.36,0
625,1,1.68,5
625,2,1.86,14
625,3,1.62,4
625,4,375.0,0
625,5,2.38,0
625,6,2.36,0
625,7,2.36,0
626,1,1.68,7
626,2,1.86,12
626,3,1.62,22
626,4,379.6,1
626,5,2.38,0
626,6,2.36,0
626,7,2.36,0
627,1,1.68,4
627,2,1.86,5
627,3,1.62,6
627,4,375.4,1
627,5,2.4,0
627,6,2.36,0
627,7,2.36,0
628,1,1.68,4
628,2,1.86,3
628,3,1.62,8
628,4,364.8,0
628,5,2.4,0
628,6,2.38,0
628,7,2.36,0
629,1,1.68,4
629,2,1.86,8
629,3,1.62,10
629,4,367.8,0
629,5,2.4,0
629,6,2.38,0
629,7,2.36,0
630,1,1.68,7
630,2,1.86,4
630,3,1.62,6
630,4,372.2,1
630,5,2.4,0
630,6,2.38,0
630,7,2.36,0
631,1,1.68,1
631,2,1.86,3
631,3,1.62,4
631,4,360.8,0
631,5,2.42,0
631,6,2.38,0
631,7,2.36,0
632,1,1.68,7
632,2,1.86,15
632,3,1.62,6
632,4,362.4,1
632,5,2.42,0
632,6,2.38,0
632,7,2.36,0
633,1,1.68,4
633,2,1.86,7
633,3,1.62,7
633,4,356.2,1
633,5,2.44,0
633,6,2.38,0
633,7,2.36,0
634,1,1.68,4
634,2,1.86,1
634,3,1.62,5
634,4,348.4,0
634,5,2.44,0
634,6,2.4,0
634,7,2.36,0
635,1,1.68,3
635,2,1.86,4
635,3,1.62,0
635,4,350.4,0
635,5,2.44,0
635,6,2.4,0
635,7,2.36,0
636,1,1.68,7
636,2,1.86,2
636,3,1.62,7
636,4,351.8,0
636,5,2.44,0
636,6,2.4,0
636,7,2.36,0
637,1,1.68,2
637,2,1.86,17
637,3,1.62,10
637,4,355.0,0
637,5,2.44,0
637,6,2.4,0
637,7,2.36,0
638,1,1.68,8
638,2,1.86,2
638,3,1.62,4
638,4,360.8,0
638,5,2.44,0
638,6,2.4,0
638,7,2.36,0
639,1,1.68,5
639,2,1.86,1
639,3,1.62,3
639,4,363.6,0
639,5,2.44,0
639,6,2.4,0
639,7,2.36,0
640,1,1.68,2
640,2,1.86,4
640,3,1.62,7
640,4,365.4,0
640,5,2.44,0
640,6,2.4,0
640,7,2.36,0
641,1,1.68,6
641,2,1.86,2
641,3,1.62,6
641,4,368.0,0
641,5,2.44,0
641,6,2.4,0
641,7,2.36,0
642,1,1.68,27
642,2,1.86,6
642,3,1.62,4
642,4,370.8,1
642,5,2.44,0
642,6,2.4,0
642,7,2.36,0
643,1,1.68,2
643,2,1.86,8
643,3,1.62,4
643,4,373.0,0
643,5,2.44,0
643,6,2.4,0
643,7,2.38,0
644,1,1.68,10
644,2,1.86,3
644,3,1.62,3
644,4,375.8,0
644,5,2.44,0
644,6,2.4,0
644,7,2.38,0
645,1,1.68,2
645,2,1.86,4
645,3,1.62,21
645,4,379.0,0
645,5,2.44,0
645,6,2.4,0
645,7,2.38,0
646,1,1.68,7
646,2,1.88,2
646,3,1.62,11
646,4,384.4,0
646,5,2.44,0
646,6,2.4,0
646,7,2.38,0
647,1,1.68,9
647,2,1.88,5
647,3,1.64,4
647,4,388.4,0
647,5,2.44,0
647,6,2.4,0
647,7,2.38,0
648,1,1.7,7
648,2,1.88,14
648,3,1.64,7
648,4,392.0,0
648,5,2.44,0
648,6,2.4,0
648,7,2.38,0
649,1,1.7,4
649,2,1.88,13
649,3,1.64,3
649,4,397.6,0
649,5,2.44,0
649,6,2.4,0
649,7,2.38,0
650,1,1.7,6
650,2,1.9,11
650,3,1.64,6
650,4,401.6,0
650,5,2.44,0
650,6,2.4,0
650,7,2.38,0
651,1,1.7,2
651,2,1.9,12
651,3,1.64,9
651,4,406.2,1
651,5,2.44,0
651,6,2.4,0
651,7,2.38,0
652,1,1.7,3
652,2,1.9,14
652,3,1.64,5
652,4,399.2,1
652,5,2.46,0
652,6,2.4,0
652,7,2.38,0
653,1,1.7,8
653,2,1.9,6
653,3,1.64,3
653,4,393.4,0
653,5,2.46,0
653,6,2.4,0
653,7,2.4,0
654,1,1.7,2
654,2,1.9,8
654,3,1.64,7
654,4,396.8,0
654,5,2.46,0
654,6,2.4,0
654,7,2.4,0
655,1,1.7,1
655,2,1.9,5
655,3,1.64,8
655,4,400.2,1
655,5,2.46,0
655,6,2.4,0
655,7,2.4,0
656,1,1.7,14
656,2,1.9,4
656,3,1.64,6
656,4,395.2,0
656,5,2.48,0
656,6,2.4,0
656,7,2.4,0
657,1,1.7,18
657,2,1.9,7
657,3,1.64,7
657,4,400.0,0
657,5,2.48,0
657,6,2.4,0
657,7,2.4,0
658,1,1.7,12
658,2,1.9,8
658,3,1.64,7
658,4,406.4,0
658,5,2.48,0
658,6,2.4,0
658,7,2.4,0
659,1,1.7,4
659,2,1.9,3
659,3,1.64,10
659,4,411.8,1
659,5,2.48,0
659,6,2.4,0
659,7,2.4,0
660,1,1.7,7
660,2,1.9,2
660,3,1.66,4
660,4,407.6,0
660,5,2.48,0
660,6,2.4,0
660,7,2.42,0
661,1,1.7,1
661,2,1.9,1
661,3,1.66,8
661,4,410.2,0
661,5,2.48,0
661,6,2.4,0
661,7,2.42,0
662,1,1.7,5
662,2,1.9,2
662,3,1.66,3
662,4,412.2,0
662,5,2.48,0
662,6,2.4,0
662,7,2.42,0
663,1,1.7,5
663,2,1.9,8
663,3,1.66,10
663,4,414.2,0
663,5,2.48,0
663,6,2.4,0
663,7,2.42,0
664,1,1.7,4
664,2,1.9,2
664,3,1.66,19
664,4,418.8,0
664,5,2.48,0
664,6,2.4,0
664,7,2.42,0
665,1,1.7,4
665,2,1.9,6
665,3,1.66,3
665,4,423.8,0
665,5,2.48,0
665,6,2.4,0
665,7,2.42,0
666,1,1.7,7
666,2,1.9,4
666,3,1.68,3
666,4,426.4,0
666,5,2.48,0
666,6,2.4,0
666,7,2.42,0
667,1,1.7,1
667,2,1.9,19
667,3,1.68,1
667,4,429.2,0
667,5,2.48,0
667,6,2.4,0
667,7,2.42,0
668,1,1.7,16
668,2,1.92,17
668,3,1.68,2
668,4,433.4,0
668,5,2.48,0
668,6,2.4,0
668,7,2.42,0
669,1,1.7,18
669,2,1.92,16
669,3,1.68,3
669,4,440.4,0
669,5,2.48,0
669,6,2.4,0
669,7,2.42,0
670,1,1.7,4
670,2,1.92,17
670,3,1.68,4
670,4,447.8,0
670,5,2.48,0
670,6,2.4,0
670,7,2.42,0
671,1,1.7,3
671,2,1.94,5
671,3,1.68,18
671,4,452.8,0
671,5,2.48,0
671,6,2.4,0
671,7,2.42,0
672,1,1.7,10
672,2,1.94,2
672,3,1.7,10
672,4,458.0,1
672,5,2.48,0
672,6,2.4,0
672,7,2.42,0
673,1,1.7,7
673,2,1.94,10
673,3,1.7,5
673,4,456.8,1
673,5,2.48,0
673,6,2.42,0
673,7,2.42,0
674,1,1.7,10
674,2,1.94,11
674,3,1.7,7
674,4,444.8,0
674,5,2.48,0
674,6,2.42,0
674,7,2.44,0
675,1,1.7,13
675,2,1.94,3
675,3,1.7,7
675,4,450.4,0
675,5,2.48,0
675,6,2.42,0
675,7,2.44,0
676,1,1.7,20
676,2,1.94,4
676,3,1.7,10
676,4,455.0,0
676,5,2.48,0
676,6,2.42,0
676,7,2.44,0
677,1,1.7,17
677,2,1.94,9
677,3,1.7,1
677,4,461.8,1
677,5,2.48,0
677,6,2.42,0
677,7,2.44,0
678,1,1.72,3
678,2,1.96,6
678,3,1.7,2
678,4,463.4,1
678,5,2.5,0
678,6,2.42,0
678,7,2.44,0
679,1,1.72,8
679,2,1.96,6
679,3,1.7,9
679,4,448.8,0
679,5,2.5,0
679,6,2.44,0
679,7,2.44,0
680,1,1.72,4
680,2,1.96,7
680,3,1.7,4
680,4,453.4,0
680,5,2.5,0
680,6,2.44,0
680,7,2.44,0
681,1,1.72,2
681,2,1.96,17
681,3,1.7,6
681,4,456.4,1
681,5,2.5,0
681,6,2.44,0
681,7,2.44,0
682,1,1.72,8
682,2,1.96,14
682,3,1.7,3
682,4,453.8,0
682,5,2.52,0
682,6,2.44,0
682,7,2.44,0
683,1,1.72,4
683,2,1.96,6
683,3,1.7,8
683,4,458.8,0
683,5,2.52,0
683,6,2.44,0
683,7,2.44,0
684,1,1.72,12
684,2,1.96,5
684,3,1.7,11
684,4,462.4,0
684,5,2.52,0
684,6,2.44,0
684,7,2.44,0
685,1,1.72,3
685,2,1.96,6
685,3,1.72,13
685,4,468.0,0
685,5,2.52,0
685,6,2.44,0
685,7,2.44,0
686,1,1.72,5
686,2,1.98,9
686,3,1.72,3
686,4,472.4,1
686,5,2.52,0
686,6,2.44,0
686,7,2.44,0
687,1,1.72,6
687,2,1.98,2
687,3,1.72,2
687,4,465.0,0
687,5,2.52,0
687,6,2.44,0
687,7,2.46,0
688,1,1.72,8
688,2,1.98,1
688,3,1.72,11
688,4,467.0,0
688,5,2.52,0
688,6,2.44,0
688,7,2.46,0
689,1,1.72,10
689,2,1.98,5
689,3,1.72,21
689,4,471.0,0
689,5,2.52,0
689,6,2.44,0
689,7,2.46,0
690,1,1.72,15
690,2,1.98,9
690,3,1.72,10
690,4,478.2,1
690,5,2.52,0
690,6,2.44,0
690,7,2.46,0
691,1,1.72,20
691,2,1.98,9
691,3,1.74,4
691,4,477.2,1
691,5,2.54,0
691,6,2.44,0
691,7,2.46,0
692,1,1.72,9
692,2,1.98,6
692,3,1.74,15
692,4,477.0,0
692,5,2.54,0
692,6,2.46,0
692,7,2.46,0
693,1,1.72,5
693,2,1.98,17
693,3,1.74,5
693,4,483.0,0
693,5,2.54,0
693,6,2.46,0
693,7,2.46,0
694,1,1.72,3
694,2,1.98,5
694,3,1.74,5
694,4,488.4,1
694,5,2.54,0
694,6,2.46,0
694,7,2.46,0
695,1,1.72,12
695,2,1.98,5
695,3,1.74,9
695,4,479.8,0
695,5,2.54,0
695,6,2.46,0
695,7,2.48,0
696,1,1.72,4
696,2,1.98,9
696,3,1.74,9
696,4,485.0,1
696,5,2.54,0
696,6,2.46,0
696,7,2.48,0
697,1,1.72,5
697,2,1.98,7
697,3,1.74,5
697,4,481.4,1
697,5,2.56,0
697,6,2.46,0
697,7,2.48,0
698,1,1.72,8
698,2,1.98,3
698,3,1.74,2
698,4,471.8,0
698,5,2.56,0
698,6,2.48,0
698,7,2.48,0
699,1,1.72,5
699,2,1.98,7
699,3,1.74,12
699,4,474.4,0
699,5,2.56,0
699,6,2.48,0
699,7,2.48,0
700,1,1.72,3
700,2,1.98,23
700,3,1.74,7
700,4,479.2,1
700,5,2.56,0
700,6,2.48,0
700,7,2.48,0
701,1,1.72,6
701,2,1.98,12
701,3,1.74,0
701,4,479.8,0
701,5,2.58,0
701,6,2.48,0
701,7,2.48,0
702,1,1.72,3
702,2,1.98,3
702,3,1.74,7
702,4,483.4,0
702,5,2.58,0
702,6,2.48,0
702,7,2.48,0
703,1,1.72,4
703,2,1.98,3
703,3,1.74,2
703,4,486.0,0
703,5,2.58,0
703,6,2.48,0
703,7,2.48,0
704,1,1.72,1
704,2,1.98,3
704,3,1.74,11
704,4,487.8,1
704,5,2.58,0
704,6,2.48,0
704,7,2.48,0
705,1,1.72,4
705,2,1.98,3
705,3,1.74,4
705,4,479.6,0
705,5,2.58,0
705,6,2.48,0
705,7,2.5,0
706,1,1.72,3
706,2,1.98,6
706,3,1.74,7
706,4,481.8,0
706,5,2.58,0
706,6,2.48,0
706,7,2.5,0
707,1,1.72,10
707,2,1.98,9
707,3,1.74,2
707,4,485.0,0
707,5,2.58,0
707,6,2.48,0
707,7,2.5,0
708,1,1.72,6
708,2,1.98,4
708,3,1.74,6
708,4,489.2,0
708,5,2.58,0
708,6,2.48,0
708,7,2.5,0
709,1,1.72,2
709,2,1.98,12
709,3,1.74,8
709,4,492.4,0
709,5,2.58,0
709,6,2.48,0
709,7,2.5,0
710,1,1.72,5
710,2,1.98,5
710,3,1.74,2
710,4,496.8,0
710,5,2.58,0
710,6,2.48,0
710,7,2.5,0
711,1,1.72,23
711,2,1.98,8
711,3,1.74,4
711,4,499.2,0
711,5,2.58,0
711,6,2.48,0
711,7,2.5,0
712,1,1.72,14
712,2,1.98,4
712,3,1.74,1
712,4,506.2,0
712,5,2.58,0
712,6,2.48,0
712,7,2.5,0
713,1,1.72,5
713,2,1.98,5
713,3,1.74,4
713,4,510.0,0
713,5,2.58,0
713,6,2.48,0
713,7,2.5,0
714,1,1.72,3
714,2,1.98,6
714,3,1.74,2
714,4,512.8,0
714,5,2.58,0
714,6,2.48,0
714,7,2.5,0
715,1,1.72,13
715,2,1.98,7
715,3,1.74,18
715,4,515.0,0
715,5,2.58,0
715,6,2.48,0
715,7,2.5,0
716,1,1.72,5
716,2,1.98,19
716,3,1.74,8
716,4,522.6,0
716,5,2.58,0
716,6,2.48,0
716,7,2.5,0
717,1,1.72,14
717,2,1.98,12
717,3,1.74,5
717,4,529.0,0
717,5,2.58,0
717,6,2.48,0
717,7,2.5,0
718,1,1.72,7
718,2,1.98,7
718,3,1.74,7
718,4,535.2,1
718,5,2.58,0
718,6,2.48,0
718,7,2.5,0
719,1,1.72,3
719,2,1.98,11
719,3,1.74,19
719,4,530.4,0
719,5,2.6,0
719,6,2.48,0
719,7,2.5,0
720,1,1.72,8
720,2,1.98,10
720,3,1.74,5
720,4,537.0,0
720,5,2.6,0
720,6,2.48,0
720,7,2.5,0
721,1,1.72,6
721,2,1.98,6
721,3,1.74,1
721,4,541.6,1
721,5,2.6,0
721,6,2.48,0
721,7,2.5,0
722,1,1.72,6
722,2,1.98,6
722,3,1.74,4
722,4,532.6,0
722,5,2.6,0
722,6,2.5,0
722,7,2.5,0
723,1,1.72,5
723,2,1.98,5
723,3,1.74,0
723,4,535.8,0
723,5,2.6,0
723,6,2.5,0
723,7,2.5,0
724,1,1.72,2
724,2,1.98,2
724,3,1.74,9
724,4,537.8,0
724,5,2.6,0
724,6,2.5,0
724,7,2.5,0
725,1,1.72,5
725,2,1.98,3
725,3,1.74,12
725,4,540.4,0
725,5,2.6,0
725,6,2.5,0
725,7,2.5,0
726,1,1.72,29
726,2,1.98,8
726,3,1.74,22
726,4,544.4,0
726,5,2.6,0
726,6,2.5,0
726,7,2.5,0
727,1,1.72,16
727,2,1.98,2
727,3,1.76,9
727,4,556.2,0
727,5,2.6,0
727,6,2.5,0
727,7,2.5,0
728,1,1.72,6
728,2,1.98,4
728,3,1.76,9
728,4,561.6,0
728,5,2.6,0
728,6,2.5,0
728,7,2.5,0
729,1,1.74,4
729,2,2.0,15
729,3,1.76,8
729,4,565.4,1
729,5,2.6,0
729,6,2.5,0
729,7,2.5,0
730,1,1.74,8
730,2,2.0,26
730,3,1.76,7
730,4,560.2,0
730,5,2.6,0
730,6,2.52,0
730,7,2.5,0
731,1,1.74,4
731,2,2.0,22
731,3,1.76,11
731,4,568.4,0
731,5,2.6,0
731,6,2.52,0
731,7,2.5,0
732,1,1.74,5
732,2,2.0,8
732,3,1.76,8
732,4,575.8,1
732,5,2.6,0
732,6,2.52,0
732,7,2.5,0
733,1,1.74,9
733,2,2.0,8
733,3,1.78,7
733,4,573.8,0
733,5,2.6,0
733,6,2.52,0
733,7,2.52,0
734,1,1.74,4
734,2,2.0,11
734,3,1.78,7
734,4,578.6,1
734,5,2.6,0
734,6,2.52,0
734,7,2.52,0
735,1,1.74,8
735,2,2.0,11
735,3,1.78,11
735,4,569.8,0
735,5,2.62,0
735,6,2.52,0
735,7,2.52,0
736,1,1.74,13
736,2,2.0,6
736,3,1.78,9
736,4,575.8,1
736,5,2.62,0
736,6,2.52,0
736,7,2.52,0
737,1,1.74,7
737,2,2.0,3
737,3,1.78,2
737,4,569.4,0
737,5,2.62,0
737,6,2.52,0
737,7,2.54,0
738,1,1.74,7
738,2,2.0,17
738,3,1.78,5
738,4,571.8,0
738,5,2.62,0
738,6,2.52,0
738,7,2.54,0
739,1,1.74,6
739,2,2.0,3
739,3,1.78,8
739,4,577.6,0
739,5,2.62,0
739,6,2.52,0
739,7,2.54,0
740,1,1.74,16
740,2,2.0,8
740,3,1.78,16
740,4,581.0,0
740,5,2.62,0
740,6,2.52,0
740,7,2.54,0
741,1,1.74,2
741,2,2.0,18
741,3,1.78,5
741,4,589.0,0
741,5,2.62,0
741,6,2.52,0
741,7,2.54,0
742,1,1.74,1
742,2,2.02,31
742,3,1.78,12
742,4,594.0,0
742,5,2.62,0
742,6,2.52,0
742,7,2.54,0
743,1,1.74,17
743,2,2.02,20
743,3,1.78,5
743,4,602.8,1
743,5,2.62,0
743,6,2.52,0
743,7,2.54,0
744,1,1.74,9
744,2,2.02,6
744,3,1.78,8
744,4,603.0,0
744,5,2.62,0
744,6,2.52,0
744,7,2.56,0
745,1,1.74,23
745,2,2.02,9
745,3,1.78,10
745,4,607.6,0
745,5,2.62,0
745,6,2.52,0
745,7,2.56,0
746,1,1.74,12
746,2,2.02,7
746,3,1.78,16
746,4,616.0,0
746,5,2.62,0
746,6,2.52,0
746,7,2.56,0
747,1,1.74,13
747,2,2.02,5
747,3,1.78,6
747,4,623.0,0
747,5,2.62,0
747,6,2.52,0
747,7,2.56,0
748,1,1.74,2
748,2,2.02,10
748,3,1.8,12
748,4,627.8,1
748,5,2.62,0
748,6,2.52,0
748,7,2.56,0
749,1,1.74,6
749,2,2.04,5
749,3,1.8,2
749,4,617.6,0
749,5,2.64,0
749,6,2.52,0
749,7,2.56,0
750,1,1.74,9
750,2,2.04,13
750,3,1.8,4
750,4,620.2,0
750,5,2.64,0
750,6,2.52,0
750,7,2.56,0
751,1,1.74,2
751,2,2.04,8
751,3,1.8,9
751,4,625.4,0
751,5,2.64,0
751,6,2.52,0
751,7,2.56,0
752,1,1.74,7
752,2,2.04,10
752,3,1.8,7
752,4,629.2,0
752,5,2.64,0
752,6,2.52,0
752,7,2.56,0
753,1,1.74,2
753,2,2.04,3
753,3,1.8,11
753,4,634.0,1
753,5,2.64,0
753,6,2.52,0
753,7,2.56,0
754,1,1.74,7
754,2,2.04,27
754,3,1.82,8
754,4,618.8,0
754,5,2.66,0
754,6,2.52,0
754,7,2.56,0
755,1,1.74,3
755,2,2.06,26
755,3,1.82,5
755,4,627.2,0
755,5,2.66,0
755,6,2.52,0
755,7,2.56,0
756,1,1.74,4
756,2,2.06,8
756,3,1.82,18
756,4,634.0,0
756,5,2.66,0
756,6,2.52,0
756,7,2.56,0
757,1,1.74,9
757,2,2.06,7
757,3,1.82,8
757,4,640.0,1
757,5,2.66,0
757,6,2.52,0
757,7,2.56,0
758,1,1.74,7
758,2,2.06,7
758,3,1.82,22
758,4,631.8,1
758,5,2.68,0
758,6,2.52,0
758,7,2.56,0
759,1,1.74,10
759,2,2.06,10
759,3,1.82,8
759,4,632.8,1
759,5,2.68,0
759,6,2.54,0
759,7,2.56,0
760,1,1.74,9
760,2,2.06,2
760,3,1.82,4
760,4,626.2,0
760,5,2.68,0
760,6,2.54,0
760,7,2.58,0
761,1,1.74,10
761,2,2.06,6
761,3,1.82,6
761,4,629.2,0
761,5,2.68,0
761,6,2.54,0
761,7,2.58,0
762,1,1.74,4
762,2,2.06,3
762,3,1.82,6
762,4,633.6,0
762,5,2.68,0
762,6,2.54,0
762,7,2.58,0
763,1,1.76,3
763,2,2.06,1
763,3,1.82,7
763,4,636.2,0
763,5,2.68,0
763,6,2.54,0
763,7,2.58,0
764,1,1.76,5
764,2,2.06,3
764,3,1.82,5
764,4,638.4,1
764,5,2.68,0
764,6,2.54,0
764,7,2.58,0
765,1,1.76,7
765,2,2.06,4
765,3,1.82,2
765,4,634.6,0
765,5,2.7,0
765,6,2.54,0
765,7,2.58,0
766,1,1.76,21
766,2,2.06,0
766,3,1.82,13
766,4,637.2,0
766,5,2.7,0
766,6,2.54,0
766,7,2.58,0
767,1,1.76,18
767,2,2.06,9
767,3,1.82,5
767,4,644.0,0
767,5,2.7,0
767,6,2.54,0
767,7,2.58,0
768,1,1.78,10
768,2,2.06,10
768,3,1.82,5
768,4,650.4,0
768,5,2.7,0
768,6,2.54,0
768,7,2.58,0
769,1,1.78,8
769,2,2.06,5
769,3,1.82,18
769,4,655.4,0
769,5,2.7,0
769,6,2.54,0
769,7,2.58,0
770,1,1.78,4
770,2,2.08,15
770,3,1.84,4
770,4,661.6,0
770,5,2.7,0
770,6,2.54,0
770,7,2.58,0
771,1,1.78,3
771,2,2.08,5
771,3,1.84,25
771,4,666.2,0
771,5,2.7,0
771,6,2.54,0
771,7,2.58,0
772,1,1.78,3
772,2,2.08,24
772,3,1.84,10
772,4,672.8,0
772,5,2.7,0
772,6,2.54,0
772,7,2.58,0
773,1,1.78,1
773,2,2.1,21
773,3,1.84,3
773,4,680.2,0
773,5,2.7,0
773,6,2.54,0
773,7,2.58,0
774,1,1.78,3
774,2,2.1,7
774,3,1.84,9
774,4,685.2,0
774,5,2.7,0
774,6,2.54,0
774,7,2.58,0
775,1,1.78,5
775,2,2.1,17
775,3,1.84,4
775,4,689.0,0
775,5,2.7,0
775,6,2.54,0
775,7,2.58,0
776,1,1.78,2
776,2,2.1,10
776,3,1.84,9
776,4,694.2,0
776,5,2.7,0
776,6,2.54,0
776,7,2.58,0
777,1,1.78,5
777,2,2.1,5
777,3,1.84,11
777,4,698.4,0
777,5,2.7,0
777,6,2.54,0
777,7,2.58,0
778,1,1.78,6
778,2,2.1,1
778,3,1.84,4
778,4,702.6,1
778,5,2.7,0
778,6,2.54,0
778,7,2.58,0
779,1,1.78,11
779,2,2.12,0
779,3,1.84,6
779,4,692.0,0
779,5,2.7,0
779,6,2.54,0
779,7,2.6,0
780,1,1.78,7
780,2,2.12,10
780,3,1.84,2
780,4,695.4,0
780,5,2.7,0
780,6,2.54,0
780,7,2.6,0
781,1,1.78,6
781,2,2.12,12
781,3,1.84,11
781,4,699.2,0
781,5,2.7,0
781,6,2.54,0
781,7,2.6,0
782,1,1.78,23
782,2,2.12,7
782,3,1.84,21
782,4,705.0,1
782,5,2.7,0
782,6,2.54,0
782,7,2.6,0
783,1,1.78,19
783,2,2.14,11
783,3,1.84,9
783,4,707.4,0
783,5,2.7,0
783,6,2.54,0
783,7,2.62,0
784,1,1.78,15
784,2,2.14,4
784,3,1.84,16
784,4,715.2,1
784,5,2.7,0
784,6,2.54,0
784,7,2.62,0
785,1,1.78,10
785,2,2.14,7
785,3,1.84,15
785,4,707.4,0
785,5,2.72,0
785,6,2.54,0
785,7,2.62,0
786,1,1.78,4
786,2,2.14,7
786,3,1.84,2
786,4,713.8,1
786,5,2.72,0
786,6,2.54,0
786,7,2.62,0
787,1,1.78,5
787,2,2.14,10
787,3,1.84,6
787,4,704.4,1
787,5,2.72,0
787,6,2.56,0
787,7,2.62,0
788,1,1.78,2
788,2,2.14,23
788,3,1.84,9
788,4,692.4,0
788,5,2.72,0
788,6,2.56,0
788,7,2.64,0
789,1,1.78,3
789,2,2.14,29
789,3,1.84,10
789,4,699.2,0
789,5,2.72,0
789,6,2.56,0
789,7,2.64,0
790,1,1.78,9
790,2,2.14,6
790,3,1.84,6
790,4,707.6,1
790,5,2.72,0
790,6,2.56,0
790,7,2.64,0
791,1,1.78,3
791,2,2.14,9
791,3,1.84,5
791,4,699.2,1
791,5,2.74,0
791,6,2.56,0
791,7,2.64,0
792,1,1.78,7
792,2,2.14,4
792,3,1.84,3
792,4,694.8,0
792,5,2.74,0
792,6,2.58,0
792,7,2.64,0
793,1,1.78,7
793,2,2.14,3
793,3,1.84,9
793,4,697.6,0
793,5,2.74,0
793,6,2.58,0
793,7,2.64,0
794,1,1.78,4
794,2,2.14,7
794,3,1.84,11
794,4,701.4,0
794,5,2.74,0
794,6,2.58,0
794,7,2.64,0
795,1,1.78,6
795,2,2.14,11
795,3,1.86,8
795,4,705.8,1
795,5,2.74,0
795,6,2.58,0
795,7,2.64,0
796,1,1.78,6
796,2,2.14,3
796,3,1.86,7
796,4,695.4,1
796,5,2.74,0
796,6,2.6,0
796,7,2.64,0
797,1,1.78,9
797,2,2.14,3
797,3,1.86,8
797,4,695.2,0
797,5,2.74,0
797,6,2.6,0
797,7,2.66,0
798,1,1.78,4
798,2,2.14,8
798,3,1.86,4
798,4,699.2,0
798,5,2.74,0
798,6,2.6,0
798,7,2.66,0
799,1,1.78,10
799,2,2.14,4
799,3,1.86,7
799,4,702.4,1
799,5,2.74,0
799,6,2.6,0
799,7,2.66,0
800,1,1.78,3
800,2,2.14,8
800,3,1.86,7
800,4,694.8,0
800,5,2.76,0
800,6,2.6,0
800,7,2.66,0
801,1,1.78,27
801,2,2.14,8
801,3,1.86,6
801,4,698.4,0
801,5,2.76,0
801,6,2.6,0
801,7,2.66,0
802,1,1.78,11
802,2,2.14,6
802,3,1.86,6
802,4,706.6,1
802,5,2.76,0
802,6,2.6,0
802,7,2.66,0
803,1,1.78,11
803,2,2.14,28
803,3,1.86,23
803,4,692.2,0
803,5,2.78,0
803,6,2.6,0
803,7,2.66,0
804,1,1.78,3
804,2,2.14,24
804,3,1.86,16
804,4,704.6,0
804,5,2.78,0
804,6,2.6,0
804,7,2.66,0
805,1,1.78,9
805,2,2.14,6
805,3,1.86,10
805,4,713.2,0
805,5,2.78,0
805,6,2.6,0
805,7,2.66,0
806,1,1.78,4
806,2,2.14,5
806,3,1.86,9
806,4,718.2,0
806,5,2.78,0
806,6,2.6,0
806,7,2.66,0
807,1,1.8,8
807,2,2.14,4
807,3,1.88,5
807,4,721.8,0
807,5,2.78,0
807,6,2.6,0
807,7,2.66,0
808,1,1.8,2
808,2,2.14,5
808,3,1.88,3
808,4,725.2,1
808,5,2.78,0
808,6,2.6,0
808,7,2.66,0
809,1,1.8,2
809,2,2.14,1
809,3,1.88,7
809,4,709.8,0
809,5,2.78,0
809,6,2.62,0
809,7,2.66,0
810,1,1.8,9
810,2,2.14,1
810,3,1.88,5
810,4,711.8,0
810,5,2.78,0
810,6,2.62,0
810,7,2.66,0
811,1,1.8,27
811,2,2.14,12
811,3,1.88,6
811,4,714.8,0
811,5,2.78,0
811,6,2.62,0
811,7,2.66,0
812,1,1.8,22
812,2,2.14,4
812,3,1.88,4
812,4,723.8,0
812,5,2.78,0
812,6,2.62,0
812,7,2.66,0
813,1,1.8,6
813,2,2.14,10
813,3,1.88,25
813,4,729.8,0
813,5,2.78,0
813,6,2.62,0
813,7,2.66,0
814,1,1.82,7
814,2,2.14,35
814,3,1.88,10
814,4,738.0,1
814,5,2.78,0
814,6,2.62,0
814,7,2.66,0
815,1,1.82,8
815,2,2.14,24
815,3,1.88,3
815,4,738.2,1
815,5,2.78,0
815,6,2.64,0
815,7,2.66,0
816,1,1.82,11
816,2,2.14,8
816,3,1.88,10
816,4,728.2,0
816,5,2.78,0
816,6,2.64,0
816,7,2.68,0
817,1,1.82,8
817,2,2.14,7
817,3,1.88,8
817,4,734.0,0
817,5,2.78,0
817,6,2.64,0
817,7,2.68,0
818,1,1.82,6
818,2,2.14,9
818,3,1.88,10
818,4,738.6,0
818,5,2.78,0
818,6,2.64,0
818,7,2.68,0
819,1,1.82,8
819,2,2.14,5
819,3,1.88,10
819,4,743.6,0
819,5,2.78,0
819,6,2.64,0
819,7,2.68,0
820,1,1.82,29
820,2,2.16,5
820,3,1.88,6
820,4,748.2,0
820,5,2.78,0
820,6,2.64,0
820,7,2.68,0
821,1,1.82,3
821,2,2.16,4
821,3,1.88,6
821,4,756.2,0
821,5,2.78,0
821,6,2.64,0
821,7,2.68,0
822,1,1.82,0
822,2,2.16,9
822,3,1.88,9
822,4,758.8,0
822,5,2.78,0
822,6,2.64,0
822,7,2.68,0
823,1,1.82,6
823,2,2.16,6
823,3,1.88,2
823,4,762.4,0
823,5,2.78,0
823,6,2.64,0
823,7,2.68,0
824,1,1.82,5
824,2,2.16,2
824,3,1.88,6
824,4,765.2,1
824,5,2.78,0
824,6,2.64,0
824,7,2.68,0
825,1,1.84,5
825,2,2.16,2
825,3,1.88,8
825,4,760.6,1
825,5,2.78,0
825,6,2.66,0
825,7,2.68,0
826,1,1.84,8
826,2,2.16,2
826,3,1.88,21
826,4,750.4,0
826,5,2.78,0
826,6,2.66,0
826,7,2.7,0
827,1,1.84,7
827,2,2.16,8
827,3,1.88,14
827,4,756.6,1
827,5,2.78,0
827,6,2.66,0
827,7,2.7,0
828,1,1.84,17
828,2,2.16,7
828,3,1.88,8
828,4,754.8,0
828,5,2.8,0
828,6,2.66,0
828,7,2.7,0
829,1,1.84,10
829,2,2.16,1
829,3,1.88,12
829,4,761.2,0
829,5,2.8,0
829,6,2.66,0
829,7,2.7,0
830,1,1.84,7
830,2,2.16,3
830,3,1.88,7
830,4,765.8,0
830,5,2.8,0
830,6,2.66,0
830,7,2.7,0
831,1,1.84,10
831,2,2.16,9
831,3,1.9,9
831,4,769.2,0
831,5,2.8,0
831,6,2.66,0
831,7,2.7,0
832,1,1.84,4
832,2,2.16,36
832,3,1.9,7
832,4,774.8,0
832,5,2.8,0
832,6,2.66,0
832,7,2.7,0
833,1,1.84,3
833,2,2.18,32
833,3,1.9,4
833,4,784.2,0
833,5,2.8,0
833,6,2.66,0
833,7,2.7,0
834,1,1.84,30
834,2,2.18,5
834,3,1.9,12
834,4,792.0,1
834,5,2.8,0
834,6,2.66,0
834,7,2.7,0
835,1,1.84,11
835,2,2.18,5
835,3,1.9,2
835,4,793.4,0
835,5,2.82,0
835,6,2.66,0
835,7,2.7,0
836,1,1.84,7
836,2,2.18,10
836,3,1.9,9
836,4,797.0,0
836,5,2.82,0
836,6,2.66,0
836,7,2.7,0
837,1,1.84,6
837,2,2.18,2
837,3,1.9,12
837,4,802.2,0
837,5,2.82,0
837,6,2.66,0
837,7,2.7,0
838,1,1.84,12
838,2,2.18,9
838,3,1.9,6
838,4,806.2,0
838,5,2.82,0
838,6,2.66,0
838,7,2.7,0
839,1,1.84,10
839,2,2.18,8
839,3,1.92,11
839,4,811.6,1
839,5,2.82,0
839,6,2.66,0
839,7,2.7,0
840,1,1.84,5
840,2,2.18,3
840,3,1.92,25
840,4,791.8,0
840,5,2.82,0
840,6,2.68,0
840,7,2.7,0
841,1,1.84,7
841,2,2.18,11
841,3,1.92,15
841,4,798.4,1
841,5,2.82,0
841,6,2.68,0
841,7,2.7,0
842,1,1.84,8
842,2,2.18,3
842,3,1.92,11
842,4,785.0,0
842,5,2.82,0
842,6,2.68,0
842,7,2.72,0
843,1,1.84,9
843,2,2.18,8
843,3,1.92,10
843,4,789.4,0
843,5,2.82,0
843,6,2.68,0
843,7,2.72,0
844,1,1.84,7
844,2,2.18,6
844,3,1.92,16
844,4,794.8,0
844,5,2.82,0
844,6,2.68,0
844,7,2.72,0
845,1,1.84,2
845,2,2.18,6
845,3,1.94,4
845,4,800.6,0
845,5,2.82,0
845,6,2.68,0
845,7,2.72,0
846,1,1.86,26
846,2,2.18,5
846,3,1.94,2
846,4,803.0,0
846,5,2.82,0
846,6,2.68,0
846,7,2.72,0
847,1,1.86,6
847,2,2.18,32
847,3,1.94,9
847,4,809.6,1
847,5,2.82,0
847,6,2.68,0
847,7,2.72,0
848,1,1.86,9
848,2,2.18,16
848,3,1.96,5
848,4,816.0,0
848,5,2.84,0
848,6,2.68,0
848,7,2.72,0
849,1,1.86,6
849,2,2.18,8
849,3,1.96,32
849,4,822.0,1
849,5,2.84,0
849,6,2.68,0
849,7,2.72,0
850,1,1.86,4
850,2,2.18,8
850,3,1.96,16
850,4,821.6,1
850,5,2.84,0
850,6,2.7,0
850,7,2.72,0
851,1,1.86,17
851,2,2.18,7
851,3,1.96,13
851,4,817.4,1
851,5,2.84,0
851,6,2.7,0
851,7,2.74,0
852,1,1.86,7
852,2,2.18,6
852,3,1.96,9
852,4,811.8,0
852,5,2.84,0
852,6,2.72,0
852,7,2.74,0
853,1,1.86,6
853,2,2.18,7
853,3,1.96,6
853,4,816.2,0
853,5,2.84,0
853,6,2.72,0
853,7,2.74,0
854,1,1.86,5
854,2,2.18,13
854,3,1.96,9
854,4,820.0,1
854,5,2.84,0
854,6,2.72,0
854,7,2.74,0
855,1,1.88,11
855,2,2.18,7
855,3,1.96,2
855,4,817.4,0
855,5,2.84,0
855,6,2.72,0
855,7,2.76,0
856,1,1.88,13
856,2,2.18,1
856,3,1.96,12
856,4,821.4,0
856,5,2.84,0
856,6,2.72,0
856,7,2.76,0
857,1,1.88,4
857,2,2.18,3
857,3,1.96,11
857,4,826.6,0
857,5,2.84,0
857,6,2.72,0
857,7,2.76,0
858,1,1.88,9
858,2,2.18,11
858,3,1.96,4
858,4,830.2,1
858,5,2.84,0
858,6,2.72,0
858,7,2.76,0
859,1,1.88,7
859,2,2.2,8
859,3,1.96,8
859,4,818.6,0
859,5,2.84,0
859,6,2.72,0
859,7,2.78,0
860,1,1.88,5
860,2,2.2,6
860,3,1.96,9
860,4,823.2,1
860,5,2.84,0
860,6,2.72,0
860,7,2.78,0
861,1,1.88,5
861,2,2.2,5
861,3,1.96,3
861,4,817.6,0
861,5,2.84,0
861,6,2.74,0
861,7,2.78,0
862,1,1.88,28
862,2,2.2,6
862,3,1.96,10
862,4,820.2,1
862,5,2.84,0
862,6,2.74,0
862,7,2.78,0
863,1,1.88,9
863,2,2.2,9
863,3,1.96,3
863,4,816.2,1
863,5,2.86,0
863,6,2.74,0
863,7,2.78,0
864,1,1.88,6
864,2,2.2,3
864,3,1.96,12
864,4,806.8,0
864,5,2.86,0
864,6,2.74,0
864,7,2.8,0
865,1,1.88,7
865,2,2.2,5
865,3,1.96,7
865,4,811.0,1
865,5,2.86,0
865,6,2.74,0
865,7,2.8,0
866,1,1.88,2
866,2,2.2,6
866,3,1.96,8
866,4,803.4,0
866,5,2.88,0
866,6,2.74,0
866,7,2.8,0
867,1,1.88,2
867,2,2.2,9
867,3,1.96,9
867,4,806.6,0
867,5,2.88,0
867,6,2.74,0
867,7,2.8,0
868,1,1.88,8
868,2,2.2,3
868,3,1.96,5
868,4,810.6,0
868,5,2.88,0
868,6,2.74,0
868,7,2.8,0
869,1,1.88,17
869,2,2.22,34
869,3,1.98,25
869,4,813.8,0
869,5,2.88,0
869,6,2.74,0
869,7,2.8,0
870,1,1.88,5
870,2,2.22,24
870,3,1.98,12
870,4,829.0,0
870,5,2.88,0
870,6,2.74,0
870,7,2.8,0
871,1,1.88,4
871,2,2.22,4
871,3,1.98,6
871,4,837.2,0
871,5,2.88,0
871,6,2.74,0
871,7,2.8,0
872,1,1.88,9
872,2,2.22,10
872,3,1.98,8
872,4,840.0,1
872,5,2.88,0
872,6,2.74,0
872,7,2.8,0
873,1,1.88,4
873,2,2.22,13
873,3,2.0,12
873,4,844.8,1
873,5,2.9,0
873,6,2.74,0
873,7,2.8,0
874,1,1.88,5
874,2,2.22,10
874,3,2.0,10
874,4,835.6,0
874,5,2.9,0
874,6,2.76,0
874,7,2.8,0
875,1,1.88,5
875,2,2.22,8
875,3,2.0,10
875,4,840.6,1
875,5,2.9,0
875,6,2.76,0
875,7,2.8,0
876,1,1.88,35
876,2,2.22,2
876,3,2.0,6
876,4,831.2,0
876,5,2.92,0
876,6,2.76,0
876,7,2.8,0
877,1,1.88,11
877,2,2.22,3
877,3,2.0,6
877,4,839.8,0
877,5,2.92,0
877,6,2.76,0
877,7,2.8,0
878,1,1.88,7
878,2,2.22,7
878,3,2.0,4
878,4,843.8,1
878,5,2.92,0
878,6,2.76,0
878,7,2.8,0
879,1,1.88,4
879,2,2.22,3
879,3,2.0,7
879,4,831.2,1
879,5,2.92,0
879,6,2.78,0
879,7,2.8,0
880,1,1.88,9
880,2,2.22,1
880,3,2.0,4
880,4,824.4,0
880,5,2.92,0
880,6,2.8,0
880,7,2.8,0
881,1,1.88,6
881,2,2.22,9
881,3,2.0,15
881,4,827.2,1
881,5,2.92,0
881,6,2.8,0
881,7,2.8,0
882,1,1.88,4
882,2,2.22,9
882,3,2.0,38
882,4,826.4,0
882,5,2.92,0
882,6,2.8,0
882,7,2.82,0
883,1,1.88,5
883,2,2.22,8
883,3,2.0,10
883,4,836.6,1
883,5,2.92,0
883,6,2.8,0
883,7,2.82,0
884,1,1.88,11
884,2,2.22,4
884,3,2.0,8
884,4,833.6,0
884,5,2.92,0
884,6,2.82,0
884,7,2.82,0
885,1,1.88,5
885,2,2.22,5
885,3,2.0,12
885,4,838.2,0
885,5,2.92,0
885,6,2.82,0
885,7,2.82,0
886,1,1.88,6
886,2,2.22,34
886,3,2.0,5
886,4,842.6,1
886,5,2.92,0
886,6,2.82,0
886,7,2.82,0
887,1,1.88,5
887,2,2.22,2
887,3,2.0,13
887,4,840.0,0
887,5,2.94,0
887,6,2.82,0
887,7,2.82,0
888,1,1.88,10
888,2,2.22,6
888,3,2.02,10
888,4,844.0,0
888,5,2.94,0
888,6,2.82,0
888,7,2.82,0
889,1,1.88,9
889,2,2.22,13
889,3,2.02,9
889,4,849.2,1
889,5,2.94,0
889,6,2.82,0
889,7,2.82,0
890,1,1.88,3
890,2,2.22,2
890,3,2.02,10
890,4,840.8,0
890,5,2.94,0
890,6,2.84,0
890,7,2.82,0
891,1,1.88,4
891,2,2.22,5
891,3,2.02,4
891,4,843.8,0
891,5,2.94,0
891,6,2.84,0
891,7,2.82,0
892,1,1.88,4
892,2,2.22,9
892,3,2.02,29
892,4,846.4,0
892,5,2.94,0
892,6,2.84,0
892,7,2.82,0
893,1,1.88,3
893,2,2.22,5
893,3,2.02,10
893,4,854.8,1
893,5,2.94,0
893,6,2.84,0
893,7,2.82,0
894,1,1.88,6
894,2,2.22,34
894,3,2.02,19
894,4,843.8,0
894,5,2.94,0
894,6,2.86,0
894,7,2.82,0
895,1,1.88,7
895,2,2.22,16
895,3,2.02,11
895,4,855.6,0
895,5,2.94,0
895,6,2.86,0
895,7,2.82,0
896,1,1.88,8
896,2,2.22,15
896,3,2.02,9
896,4,862.4,1
896,5,2.94,0
896,6,2.86,0
896,7,2.82,0
897,1,1.88,13
897,2,2.22,15
897,3,2.02,11
897,4,864.0,0
897,5,2.94,0
897,6,2.86,0
897,7,2.84,0
898,1,1.88,2
898,2,2.22,6
898,3,2.02,5
898,4,871.8,1
898,5,2.94,0
898,6,2.86,0
898,7,2.84,0
899,1,1.88,7
899,2,2.22,7
899,3,2.02,6
899,4,855.6,0
899,5,2.94,0
899,6,2.88,0
899,7,2.84,0
900,1,1.88,5
900,2,2.22,7
900,3,2.02,8
900,4,859.6,0
900,5,2.94,0
900,6,2.88,0
900,7,2.84,0
901,1,1.88,2
901,2,2.22,0
901,3,2.02,6
901,4,863.6,0
901,5,2.94,0
901,6,2.88,0
901,7,2.84,0
902,1,1.88,5
902,2,2.22,3
902,3,2.02,5
902,4,865.2,1
902,5,2.94,0
902,6,2.88,0
902,7,2.84,0
903,1,1.88,5
903,2,2.22,6
903,3,2.02,9
903,4,853.4,0
903,5,2.96,0
903,6,2.88,0
903,7,2.84,0
904,1,1.88,30
904,2,2.22,14
904,3,2.02,37
904,4,857.4,1
904,5,2.96,0
904,6,2.88,0
904,7,2.84,0
905,1,1.88,16
905,2,2.22,12
905,3,2.02,17
905,4,865.0,0
905,5,2.96,0
905,6,2.9,0
905,7,2.84,0
906,1,1.88,4
906,2,2.22,5
906,3,2.02,9
906,4,874.0,0
906,5,2.96,0
906,6,2.9,0
906,7,2.84,0
907,1,1.88,11
907,2,2.22,3
907,3,2.02,3
907,4,877.6,0
907,5,2.96,0
907,6,2.9,0
907,7,2.84,0
908,1,1.9,9
908,2,2.22,4
908,3,2.02,4
908,4,881.0,0
908,5,2.96,0
908,6,2.9,0
908,7,2.84,0
909,1,1.9,8
909,2,2.22,6
909,3,2.02,2
909,4,884.4,0
909,5,2.96,0
909,6,2.9,0
909,7,2.84,0
910,1,1.9,6
910,2,2.22,5
910,3,2.02,2
910,4,887.6,1
910,5,2.96,0
910,6,2.9,0
910,7,2.84,0
911,1,1.9,2
911,2,2.22,1
911,3,2.02,2
911,4,888.4,0
911,5,2.96,0
911,6,2.92,0
911,7,2.84,0
912,1,1.9,3
912,2,2.22,11
912,3,2.02,9
912,4,889.4,0
912,5,2.96,0
912,6,2.92,0
912,7,2.84,0
913,1,1.9,2
913,2,2.22,4
913,3,2.02,9
913,4,894.0,0
913,5,2.96,0
913,6,2.92,0
913,7,2.84,0
914,1,1.9,32
914,2,2.22,4
914,3,2.02,6
914,4,897.0,0
914,5,2.96,0
914,6,2.92,0
914,7,2.84,0
915,1,1.9,13
915,2,2.22,10
915,3,2.02,3
915,4,905.4,0
915,5,2.96,0
915,6,2.92,0
915,7,2.84,0
916,1,1.9,8
916,2,2.22,35
916,3,2.02,12
916,4,910.6,1
916,5,2.96,0
916,6,2.92,0
916,7,2.84,0
917,1,1.9,7
917,2,2.24,16
917,3,2.04,8
917,4,918.0,1
917,5,2.96,0
917,6,2.94,0
917,7,2.84,0
918,1,1.9,5
918,2,2.24,10
918,3,2.04,9
918,4,909.2,0
918,5,2.96,0
918,6,2.94,0
918,7,2.86,0
919,1,1.9,10
919,2,2.24,17
919,3,2.04,8
919,4,914.0,1
919,5,2.96,0
919,6,2.94,0
919,7,2.86,0
920,1,1.9,11
920,2,2.24,8
920,3,2.04,15
920,4,908.0,1
920,5,2.96,0
920,6,2.94,0
920,7,2.88,0
921,1,1.9,4
921,2,2.24,4
921,3,2.04,2
921,4,897.6,0
921,5,2.98,0
921,6,2.94,0
921,7,2.88,0
922,1,1.9,5
922,2,2.24,8
922,3,2.04,2
922,4,899.6,0
922,5,2.98,0
922,6,2.94,0
922,7,2.88,0
923,1,1.9,5
923,2,2.24,6
923,3,2.04,8
923,4,902.6,0
923,5,2.98,0
923,6,2.94,0
923,7,2.88,0
924,1,1.9,6
924,2,2.24,2
924,3,2.04,24
924,4,906.4,0
924,5,2.98,0
924,6,2.94,0
924,7,2.88,0
925,1,1.9,2
925,2,2.24,11
925,3,2.06,19
925,4,912.8,0
925,5,2.98,0
925,6,2.94,0
925,7,2.88,0
926,1,1.92,8
926,2,2.24,8
926,3,2.06,6
926,4,919.2,1
926,5,2.98,0
926,6,2.94,0
926,7,2.88,0
927,1,1.92,17
927,2,2.24,11
927,3,2.06,12
927,4,907.0,1
927,5,3.0,0
927,6,2.94,0
927,7,2.88,0
928,1,1.92,4
928,2,2.24,8
928,3,2.06,5
928,4,904.2,1
928,5,3.0,0
928,6,2.96,0
928,7,2.88,0
929,1,1.92,4
929,2,2.24,7
929,3,2.06,6
929,4,904.2,0
929,5,3.0,0
929,6,2.96,0
929,7,2.9,0
930,1,1.92,6
930,2,2.24,5
930,3,2.06,6
930,4,907.6,1
930,5,3.0,0
930,6,2.96,0
930,7,2.9,0
931,1,1.92,4
931,2,2.24,4
931,3,2.06,9
931,4,894.4,0
931,5,3.0,0
931,6,2.98,0
931,7,2.9,0
932,1,1.92,2
932,2,2.24,5
932,3,2.06,5
932,4,897.8,0
932,5,3.0,0
932,6,2.98,0
932,7,2.9,0
933,1,1.92,3
933,2,2.24,2
933,3,2.06,7
933,4,900.2,0
933,5,3.0,0
933,6,2.98,0
933,7,2.9,0
934,1,1.92,5
934,2,2.24,5
934,3,2.06,8
934,4,902.6,0
934,5,3.0,0
934,6,2.98,0
934,7,2.9,0
935,1,1.92,8
935,2,2.24,5
935,3,2.06,11
935,4,906.2,0
935,5,3.0,0
935,6,2.98,0
935,7,2.9,0
936,1,1.92,6
936,2,2.24,7
936,3,2.06,9
936,4,911.0,1
936,5,3.0,0
936,6,2.98,0
936,7,2.9,0
937,1,1.92,6
937,2,2.24,7
937,3,2.06,3
937,4,903.6,0
937,5,3.02,0
937,6,2.98,0
937,7,2.9,0
938,1,1.92,4
938,2,2.24,35
938,3,2.06,3
938,4,906.8,0
938,5,3.02,0
938,6,2.98,0
938,7,2.9,0
939,1,1.92,3
939,2,2.24,10
939,3,2.06,4
939,4,915.2,0
939,5,3.02,0
939,6,2.98,0
939,7,2.9,0
940,1,1.92,30
940,2,2.24,10
940,3,2.06,0
940,4,918.6,0
940,5,3.02,0
940,6,2.98,0
940,7,2.9,0
941,1,1.92,12
941,2,2.24,10
941,3,2.06,5
941,4,926.6,0
941,5,3.02,0
941,6,2.98,0
941,7,2.9,0
942,1,1.92,12
942,2,2.24,9
942,3,2.06,1
942,4,932.0,0
942,5,3.02,0
942,6,2.98,0
942,7,2.9,0
943,1,1.92,4
943,2,2.24,5
943,3,2.06,11
943,4,936.4,0
943,5,3.02,0
943,6,2.98,0
943,7,2.9,0
944,1,1.92,6
944,2,2.24,3
944,3,2.06,4
944,4,940.4,0
944,5,3.02,0
944,6,2.98,0
944,7,2.9,0
945,1,1.92,11
945,2,2.24,5
945,3,2.06,2
945,4,943.0,1
945,5,3.02,0
945,6,2.98,0
945,7,2.9,0
946,1,1.92,13
946,2,2.24,2
946,3,2.08,7
946,4,937.4,0
946,5,3.02,0
946,6,2.98,0
946,7,2.92,0
947,1,1.92,4
947,2,2.24,2
947,3,2.08,13
947,4,941.8,0
947,5,3.02,0
947,6,2.98,0
947,7,2.92,0
948,1,1.92,5
948,2,2.24,10
948,3,2.08,8
948,4,945.6,0
948,5,3.02,0
948,6,2.98,0
948,7,2.92,0
949,1,1.94,14
949,2,2.24,5
949,3,2.08,19
949,4,950.2,1
949,5,3.02,0
949,6,2.98,0
949,7,2.92,0
950,1,1.94,5
950,2,2.24,1
950,3,2.08,7
950,4,944.8,1
950,5,3.04,0
950,6,2.98,0
950,7,2.92,0
951,1,1.94,31
951,2,2.24,15
951,3,2.08,31
951,4,925.6,0
951,5,3.06,0
951,6,2.98,0
951,7,2.92,0
952,1,1.94,12
952,2,2.24,14
952,3,2.08,13
952,4,941.0,0
952,5,3.06,0
952,6,2.98,0
952,7,2.92,0
953,1,1.94,4
953,2,2.24,4
953,3,2.08,12
953,4,948.8,0
953,5,3.06,0
953,6,2.98,0
953,7,2.92,0
954,1,1.94,9
954,2,2.24,6
954,3,2.08,4
954,4,952.8,0
954,5,3.06,0
954,6,2.98,0
954,7,2.92,0
955,1,1.94,4
955,2,2.24,9
955,3,2.08,6
955,4,956.6,0
955,5,3.06,0
955,6,2.98,0
955,7,2.92,0
956,1,1.94,3
956,2,2.24,34
956,3,2.08,3
956,4,960.4,0
956,5,3.06,0
956,6,2.98,0
956,7,2.92,0
957,1,1.94,9
957,2,2.24,15
957,3,2.08,10
957,4,968.4,1
957,5,3.06,0
957,6,2.98,0
957,7,2.92,0
958,1,1.94,11
958,2,2.24,13
958,3,2.08,9
958,4,962.4,1
958,5,3.08,0
958,6,2.98,0
958,7,2.92,0
959,1,1.94,4
959,2,2.24,8
959,3,2.08,9
959,4,956.6,0
959,5,3.08,0
959,6,2.98,0
959,7,2.94,0
960,1,1.94,9
960,2,2.24,2
960,3,2.08,7
960,4,960.8,0
960,5,3.08,0
960,6,2.98,0
960,7,2.94,0
961,1,1.94,6
961,2,2.24,6
961,3,2.08,7
961,4,964.4,0
961,5,3.08,0
961,6,2.98,0
961,7,2.94,0
962,1,1.94,17
962,2,2.24,5
962,3,2.08,5
962,4,968.2,0
962,5,3.08,0
962,6,2.98,0
962,7,2.94,0
963,1,1.94,8
963,2,2.24,7
963,3,2.08,3
963,4,973.6,1
963,5,3.08,0
963,6,2.98,0
963,7,2.94,0
964,1,1.94,37
964,2,2.24,11
964,3,2.08,17
964,4,961.6,0
964,5,3.1,0
964,6,2.98,0
964,7,2.94,0
965,1,1.94,10
965,2,2.24,7
965,3,2.08,10
965,4,974.6,1
965,5,3.1,0
965,6,2.98,0
965,7,2.94,0
966,1,1.94,4
966,2,2.24,2
966,3,2.08,6
966,4,967.6,0
966,5,3.12,0
966,6,2.98,0
966,7,2.94,0
967,1,1.94,7
967,2,2.24,5
967,3,2.08,37
967,4,970.0,0
967,5,3.12,0
967,6,2.98,0
967,7,2.94,0
968,1,1.94,9
968,2,2.24,11
968,3,2.08,11
968,4,979.8,0
968,5,3.12,0
968,6,2.98,0
968,7,2.94,0
969,1,1.94,6
969,2,2.24,9
969,3,2.08,8
969,4,986.0,0
969,5,3.12,0
969,6,2.98,0
969,7,2.94,0
970,1,1.94,5
970,2,2.24,36
970,3,2.08,6
970,4,990.6,1
970,5,3.12,0
970,6,2.98,0
970,7,2.94,0
971,1,1.94,6
971,2,2.24,13
971,3,2.08,7
971,4,996.6,0
971,5,3.12,0
971,6,3.0,0
971,7,2.94,0
972,1,1.94,7
972,2,2.24,5
972,3,2.08,12
972,4,1001.8,0
972,5,3.12,0
972,6,3.0,0
972,7,2.94,0
973,1,1.94,18
973,2,2.24,2
973,3,2.08,9
973,4,1006.6,1
973,5,3.12,0
973,6,3.0,0
973,7,2.94,0
974,1,1.96,8
974,2,2.24,8
974,3,2.1,5
974,4,994.8,0
974,5,3.14,0
974,6,3.0,0
974,7,2.94,0
975,1,1.96,36
975,2,2.24,5
975,3,2.1,6
975,4,999.0,0
975,5,3.14,0
975,6,3.0,0
975,7,2.94,0
976,1,1.96,12
976,2,2.24,7
976,3,2.1,2
976,4,1008.4,0
976,5,3.14,0
976,6,3.0,0
976,7,2.94,0
977,1,1.98,14
977,2,2.24,8
977,3,2.1,10
977,4,1012.6,0
977,5,3.14,0
977,6,3.0,0
977,7,2.94,0
978,1,1.98,11
978,2,2.24,9
978,3,2.1,8
978,4,1019.0,0
978,5,3.14,0
978,6,3.0,0
978,7,2.94,0
979,1,2.0,7
979,2,2.24,3
979,3,2.1,29
979,4,1024.6,0
979,5,3.14,0
979,6,3.0,0
979,7,2.94,0
980,1,2.0,13
980,2,2.24,0
980,3,2.1,8
980,4,1032.4,0
980,5,3.14,0
980,6,3.0,0
980,7,2.94,0
981,1,2.0,3
981,2,2.24,7
981,3,2.1,6
981,4,1036.6,0
981,5,3.14,0
981,6,3.0,0
981,7,2.94,0
982,1,2.0,13
982,2,2.24,9
982,3,2.1,9
982,4,1039.8,0
982,5,3.14,0
982,6,3.0,0
982,7,2.94,0
983,1,2.0,31
983,2,2.24,2
983,3,2.1,11
983,4,1046.0,0
983,5,3.14,0
983,6,3.0,0
983,7,2.94,0
984,1,2.0,5
984,2,2.24,3
984,3,2.1,15
984,4,1054.8,0
984,5,3.14,0
984,6,3.0,0
984,7,2.94,0
985,1,2.0,8
985,2,2.24,3
985,3,2.12,4
985,4,1059.4,0
985,5,3.14,0
985,6,3.0,0
985,7,2.94,0
986,1,2.0,13
986,2,2.24,8
986,3,2.12,8
986,4,1062.4,0
986,5,3.14,0
986,6,3.0,0
986,7,2.94,0
987,1,2.0,9
987,2,2.24,8
987,3,2.12,7
987,4,1068.2,1
987,5,3.14,0
987,6,3.0,0
987,7,2.94,0
988,1,2.02,6
988,2,2.24,4
988,3,2.12,4
988,4,1069.4,0
988,5,3.16,0
988,6,3.0,0
988,7,2.94,0
989,1,2.02,11
989,2,2.24,6
989,3,2.12,5
989,4,1072.2,0
989,5,3.16,0
989,6,3.0,0
989,7,2.94,0
990,1,2.02,8
990,2,2.24,5
990,3,2.12,17
990,4,1076.6,0
990,5,3.16,0
990,6,3.0,0
990,7,2.94,0
991,1,2.02,9
991,2,2.24,9
991,3,2.12,7
991,4,1082.6,0
991,5,3.16,0
991,6,3.0,0
991,7,2.94,0
992,1,2.02,10
992,2,2.24,46
992,3,2.12,34
992,4,1087.6,1
992,5,3.16,0
992,6,3.0,0
992,7,2.94,0
993,1,2.02,4
993,2,2.24,19
993,3,2.12,10
993,4,1095.6,1
993,5,3.18,0
993,6,3.0,0
993,7,2.94,0
994,1,2.02,4
994,2,2.24,9
994,3,2.12,17
994,4,1084.0,0
994,5,3.18,0
994,6,3.02,0
994,7,2.94,0
995,1,2.02,11
995,2,2.24,11
995,3,2.12,13
995,4,1090.0,1
995,5,3.18,0
995,6,3.02,0
995,7,2.94,0
996,1,2.02,9
996,2,2.24,4
996,3,2.12,13
996,4,1079.8,0
996,5,3.18,0
996,6,3.02,0
996,7,2.96,0
997,1,2.02,29
997,2,2.24,7
997,3,2.12,0
997,4,1085.0,0
997,5,3.18,0
997,6,3.02,0
997,7,2.96,0
998,1,2.02,6
998,2,2.24,7
998,3,2.12,3
998,4,1092.2,0
998,5,3.18,0
998,6,3.02,0
998,7,2.96,0
999,1,2.02,6
999,2,2.24,6
999,3,2.12,3
999,4,1095.4,0
999,5,3.18,0
999,6,3.02,0
999,7,2.96,0
1000,1,2.02,17
1000,2,2.24,10
1000,3,2.12,2
1000,4,1098.4,0
1000,5,3.18,0
1000,6,3.02,0
1000,7,2.96,0
